transaction_id,card_id,amount,transaction_type,merchant,country,timestamp,is_fraud,detection_time_min
T100000,CARD-8270,859.89,UPI,Amazon,India,2024-03-30 22:49:00,0,0
T100001,CARD-1860,1701.35,Online,Petrol Pump,UAE,2024-05-25 20:01:00,0,0
T100002,CARD-6390,6379.91,POS,Local Store,India,2024-05-19 01:58:00,1,126
T100003,CARD-6191,7812.34,Online,Amazon,India,2024-06-03 07:29:00,0,0
T100004,CARD-6734,5565.46,POS,Swiggy,India,2024-01-02 13:31:00,0,0
T100005,CARD-7265,1185.39,Online,Swiggy,UK,2024-05-02 18:29:00,0,0
T100006,CARD-1466,2154.16,Online,Local Store,USA,2024-03-09 19:48:00,0,0
T100007,CARD-5426,4763.28,Online,Petrol Pump,India,2024-04-19 18:59:00,0,0
T100008,CARD-6578,2750.52,Online,Zomato,India,2024-03-08 15:02:00,0,0
T100009,CARD-9322,2456.19,Online,Local Store,UK,2024-05-31 03:03:00,0,0
T100010,CARD-2685,2485.49,POS,Local Store,India,2024-01-07 15:43:00,0,0
T100011,CARD-1769,7312.15,ATM,Myntra,Singapore,2024-02-04 23:47:00,0,0
T100012,CARD-7949,5111.2,ATM,Petrol Pump,India,2024-01-17 01:04:00,1,215
T100013,CARD-3433,2596.27,POS,Zomato,India,2024-01-09 11:44:00,0,0
T100014,CARD-6311,4248.3,Online,BigBasket,India,2024-02-12 02:24:00,0,0
T100015,CARD-6051,1034.13,Online,Myntra,India,2024-05-09 22:50:00,0,0
T100016,CARD-7420,2157.63,Online,Flipkart,UK,2024-03-13 10:40:00,0,0
T100017,CARD-2184,6841.71,Online,Petrol Pump,India,2024-06-06 22:44:00,0,0
T100018,CARD-5555,713.11,POS,Zomato,USA,2024-04-21 08:51:00,0,0
T100019,CARD-4385,5155.65,POS,Swiggy,India,2024-02-24 13:32:00,0,0
T100020,CARD-7396,329.66,Online,Myntra,India,2024-02-29 08:29:00,1,28
T100021,CARD-9666,9912.34,Online,Zomato,India,2024-02-24 02:48:00,0,0
T100022,CARD-3558,2115.03,ATM,Amazon,India,2024-05-22 01:06:00,0,0
T100023,CARD-8849,4473.75,POS,Local Store,Singapore,2024-01-03 21:01:00,0,0
T100024,CARD-3047,3637.05,Online,Flipkart,India,2024-04-17 05:42:00,0,0
T100025,CARD-3747,3736.67,UPI,BigBasket,India,2024-05-23 03:54:00,0,0
T100026,CARD-1189,4192.91,UPI,Local Store,India,2024-02-19 05:11:00,0,0
T100027,CARD-3734,580.5,Online,Amazon,India,2024-04-04 13:09:00,1,30
T100028,CARD-4005,3794.26,Online,Amazon,India,2024-02-01 22:55:00,0,0
T100029,CARD-5658,2880.5,POS,Flipkart,UK,2024-05-20 10:19:00,0,0
T100030,CARD-2899,2124.88,UPI,BigBasket,India,2024-05-12 02:52:00,0,0
T100031,CARD-8734,1700.55,ATM,Swiggy,India,2024-04-29 09:29:00,0,0
T100032,CARD-2267,3865.0,Online,Myntra,India,2024-06-10 07:08:00,0,0
T100033,CARD-2528,1391.59,Online,Petrol Pump,Singapore,2024-05-12 13:52:00,0,0
T100034,CARD-4556,6759.25,POS,BigBasket,India,2024-06-27 03:35:00,0,0
T100035,CARD-4890,4708.53,POS,Petrol Pump,India,2024-02-11 14:22:00,0,0
T100036,CARD-9838,4039.06,Online,Zomato,India,2024-01-04 20:57:00,0,0
T100037,CARD-6393,6568.87,ATM,Amazon,India,2024-01-14 21:22:00,0,0
T100038,CARD-9792,481.49,POS,Zomato,India,2024-02-05 05:11:00,0,0
T100039,CARD-9433,1000.81,ATM,Swiggy,India,2024-01-28 09:31:00,0,0
T100040,CARD-8513,4856.53,ATM,Zomato,USA,2024-06-09 08:03:00,0,0
T100041,CARD-3612,1788.67,POS,BigBasket,India,2024-05-05 02:55:00,0,0
T100042,CARD-8041,1990.58,Online,Zomato,UAE,2024-04-20 21:59:00,0,0
T100043,CARD-7235,860.78,POS,Swiggy,India,2024-01-25 04:31:00,0,0
T100044,CARD-6486,1395.2,Online,Swiggy,India,2024-06-22 04:42:00,0,0
T100045,CARD-8099,6861.05,POS,Swiggy,India,2024-06-09 16:16:00,1,177
T100046,CARD-1775,4776.2,Online,BigBasket,India,2024-03-08 00:18:00,0,0
T100047,CARD-9226,3833.72,POS,Swiggy,USA,2024-03-30 13:09:00,0,0
T100048,CARD-4152,2057.0,Online,Amazon,India,2024-06-19 02:22:00,0,0
T100049,CARD-2585,3658.39,Online,Local Store,India,2024-03-07 01:19:00,0,0
T100050,CARD-4943,7268.4,Online,Swiggy,India,2024-02-16 09:50:00,0,0
T100051,CARD-8555,1827.43,Online,Zomato,Singapore,2024-02-25 23:52:00,0,0
T100052,CARD-4073,3243.81,POS,Myntra,India,2024-01-26 13:53:00,0,0
T100053,CARD-2021,10314.61,POS,Zomato,UK,2024-06-18 01:46:00,0,0
T100054,CARD-4843,5515.02,POS,Myntra,India,2024-06-04 12:16:00,0,0
T100055,CARD-8989,2081.75,Online,Zomato,India,2024-01-17 22:38:00,0,0
T100056,CARD-7873,5210.4,Online,BigBasket,India,2024-06-26 13:45:00,0,0
T100057,CARD-6675,700.63,Online,Zomato,India,2024-02-12 17:54:00,0,0
T100058,CARD-1161,3144.82,Online,BigBasket,India,2024-02-05 05:55:00,1,160
T100059,CARD-5297,5206.44,ATM,BigBasket,India,2024-04-13 07:38:00,0,0
T100060,CARD-1995,4414.52,Online,Swiggy,UK,2024-04-16 12:52:00,0,0
T100061,CARD-8629,5171.46,Online,Amazon,UAE,2024-02-15 03:14:00,0,0
T100062,CARD-2016,5983.4,Online,Myntra,USA,2024-02-14 08:44:00,0,0
T100063,CARD-8869,4665.05,Online,Swiggy,India,2024-02-28 14:01:00,0,0
T100064,CARD-7439,4570.2,POS,Swiggy,India,2024-01-13 03:22:00,0,0
T100065,CARD-8892,3898.85,POS,Local Store,India,2024-02-07 15:45:00,0,0
T100066,CARD-7863,1248.69,Online,BigBasket,USA,2024-05-11 21:21:00,0,0
T100067,CARD-8916,6859.0,Online,BigBasket,UK,2024-02-21 23:34:00,0,0
T100068,CARD-9529,3232.24,Online,Myntra,India,2024-01-29 15:36:00,0,0
T100069,CARD-1878,5420.75,Online,Zomato,India,2024-06-16 02:17:00,0,0
T100070,CARD-5887,6390.29,Online,Zomato,India,2024-03-16 12:01:00,0,0
T100071,CARD-5859,2170.56,UPI,Petrol Pump,India,2024-02-26 07:50:00,0,0
T100072,CARD-7331,2332.62,POS,Swiggy,India,2024-03-19 21:26:00,0,0
T100073,CARD-9571,2597.08,POS,Petrol Pump,India,2024-01-11 04:10:00,0,0
T100074,CARD-9684,7740.58,Online,Flipkart,USA,2024-05-03 01:10:00,1,124
T100075,CARD-8208,1515.93,Online,Flipkart,India,2024-01-21 02:10:00,0,0
T100076,CARD-6276,8639.08,POS,Petrol Pump,India,2024-05-30 12:59:00,0,0
T100077,CARD-3062,3867.03,POS,Zomato,Singapore,2024-03-10 17:20:00,0,0
T100078,CARD-1064,4071.49,POS,Flipkart,India,2024-01-09 04:41:00,0,0
T100079,CARD-9006,6198.38,Online,Local Store,India,2024-02-05 16:00:00,0,0
T100080,CARD-3568,3550.34,POS,Zomato,India,2024-03-02 01:08:00,0,0
T100081,CARD-6463,6910.63,Online,BigBasket,India,2024-04-12 12:31:00,0,0
T100082,CARD-3027,2168.15,ATM,Swiggy,India,2024-01-23 10:54:00,0,0
T100083,CARD-3695,8457.04,POS,Amazon,UAE,2024-06-13 06:25:00,0,0
T100084,CARD-6258,2310.29,POS,Swiggy,India,2024-01-10 05:28:00,0,0
T100085,CARD-6618,8670.32,Online,Petrol Pump,India,2024-04-16 13:50:00,0,0
T100086,CARD-7736,2361.86,POS,Zomato,India,2024-05-23 23:02:00,0,0
T100087,CARD-1391,2657.42,Online,Petrol Pump,India,2024-01-09 11:11:00,0,0
T100088,CARD-6892,1354.76,Online,Local Store,UAE,2024-01-13 12:51:00,0,0
T100089,CARD-4561,1717.93,Online,Zomato,UAE,2024-02-12 20:35:00,0,0
T100090,CARD-7184,3244.58,POS,Swiggy,India,2024-01-08 10:57:00,0,0
T100091,CARD-4099,3975.38,Online,Local Store,USA,2024-02-15 05:40:00,0,0
T100092,CARD-7278,6575.49,Online,Local Store,India,2024-04-18 13:23:00,0,0
T100093,CARD-9392,2810.78,ATM,Local Store,Singapore,2024-05-06 10:07:00,0,0
T100094,CARD-4104,4421.41,Online,Myntra,India,2024-01-04 13:47:00,0,0
T100095,CARD-8215,3781.85,POS,Zomato,Singapore,2024-02-05 01:48:00,0,0
T100096,CARD-3454,4773.36,Online,Flipkart,USA,2024-02-06 06:24:00,0,0
T100097,CARD-9996,1942.95,Online,Flipkart,India,2024-01-14 15:23:00,0,0
T100098,CARD-3731,2141.69,POS,Zomato,India,2024-01-28 01:27:00,0,0
T100099,CARD-9154,1943.59,Online,Zomato,Singapore,2024-06-08 16:02:00,0,0
T100100,CARD-6056,7442.32,POS,Myntra,UAE,2024-03-12 21:35:00,0,0
T100101,CARD-9110,8510.74,POS,Flipkart,India,2024-01-29 06:53:00,0,0
T100102,CARD-4840,2066.17,POS,Zomato,USA,2024-05-29 08:35:00,0,0
T100103,CARD-2028,2101.14,POS,Zomato,India,2024-01-25 04:08:00,0,0
T100104,CARD-8385,5249.17,Online,Petrol Pump,India,2024-06-22 19:34:00,0,0
T100105,CARD-1502,9138.13,Online,Myntra,India,2024-05-17 18:00:00,0,0
T100106,CARD-7910,10452.72,POS,Myntra,India,2024-02-10 22:39:00,0,0
T100107,CARD-7938,1988.26,POS,Swiggy,UAE,2024-04-02 07:21:00,0,0
T100108,CARD-5488,2429.16,ATM,Myntra,India,2024-02-17 08:18:00,0,0
T100109,CARD-1206,4127.25,ATM,Amazon,UAE,2024-05-17 15:28:00,0,0
T100110,CARD-6134,4273.62,ATM,Flipkart,India,2024-05-13 04:52:00,0,0
T100111,CARD-6977,2897.01,POS,Swiggy,India,2024-03-18 22:55:00,0,0
T100112,CARD-8721,1667.8,Online,Amazon,India,2024-02-29 22:42:00,0,0
T100113,CARD-8035,3248.53,POS,Zomato,India,2024-01-31 22:45:00,0,0
T100114,CARD-2484,10445.42,POS,Petrol Pump,India,2024-04-15 00:55:00,0,0
T100115,CARD-8858,2167.52,Online,Petrol Pump,India,2024-06-20 02:18:00,0,0
T100116,CARD-1863,3945.18,ATM,Zomato,India,2024-01-01 18:52:00,0,0
T100117,CARD-3790,15040.58,ATM,Swiggy,India,2024-04-27 14:11:00,0,0
T100118,CARD-8408,2141.93,POS,Myntra,India,2024-06-07 02:44:00,0,0
T100119,CARD-9755,5422.15,Online,Local Store,India,2024-02-14 05:08:00,0,0
T100120,CARD-6116,10736.42,Online,Petrol Pump,UK,2024-04-27 19:15:00,0,0
T100121,CARD-7019,5102.8,ATM,Local Store,UK,2024-06-04 01:39:00,0,0
T100122,CARD-2757,7093.67,UPI,Zomato,India,2024-03-16 13:55:00,0,0
T100123,CARD-8574,5932.3,Online,Local Store,India,2024-04-08 14:43:00,0,0
T100124,CARD-7374,4822.15,Online,BigBasket,India,2024-06-28 07:48:00,0,0
T100125,CARD-7892,8327.13,ATM,Swiggy,Singapore,2024-02-20 19:29:00,0,0
T100126,CARD-2678,5304.51,Online,Amazon,India,2024-05-06 04:31:00,1,86
T100127,CARD-4242,2920.19,POS,Swiggy,India,2024-06-25 02:48:00,0,0
T100128,CARD-5636,3726.68,UPI,Flipkart,India,2024-06-11 18:25:00,0,0
T100129,CARD-2059,4378.73,Online,Myntra,India,2024-05-11 22:13:00,0,0
T100130,CARD-7668,2417.39,POS,Myntra,India,2024-03-10 17:37:00,0,0
T100131,CARD-4157,3851.5,Online,Swiggy,USA,2024-01-01 17:24:00,0,0
T100132,CARD-6915,3454.68,Online,Zomato,India,2024-05-03 10:43:00,0,0
T100133,CARD-3693,5293.16,ATM,Zomato,India,2024-06-09 23:27:00,1,104
T100134,CARD-4627,12619.46,Online,BigBasket,India,2024-01-17 22:03:00,0,0
T100135,CARD-6450,4019.59,UPI,BigBasket,India,2024-02-02 10:14:00,0,0
T100136,CARD-2663,9290.43,POS,Myntra,UK,2024-04-02 02:54:00,0,0
T100137,CARD-6592,5162.16,Online,BigBasket,India,2024-05-26 12:22:00,0,0
T100138,CARD-8392,3838.74,Online,Petrol Pump,UAE,2024-05-17 10:36:00,0,0
T100139,CARD-2306,2308.41,Online,Petrol Pump,India,2024-01-15 19:01:00,0,0
T100140,CARD-7776,3860.01,Online,Amazon,India,2024-02-21 14:49:00,0,0
T100141,CARD-6864,3688.58,Online,BigBasket,Singapore,2024-01-02 03:00:00,0,0
T100142,CARD-8526,1832.72,Online,Amazon,India,2024-02-13 05:04:00,0,0
T100143,CARD-9901,2088.45,POS,BigBasket,UAE,2024-05-10 08:47:00,0,0
T100144,CARD-6575,4405.23,POS,Myntra,India,2024-03-07 06:19:00,0,0
T100145,CARD-6530,9229.56,POS,Myntra,UAE,2024-04-27 02:06:00,0,0
T100146,CARD-5413,3166.43,POS,Amazon,India,2024-03-24 08:50:00,0,0
T100147,CARD-4748,818.2,Online,Swiggy,India,2024-06-11 21:28:00,0,0
T100148,CARD-1663,1330.69,Online,Myntra,USA,2024-04-28 09:02:00,0,0
T100149,CARD-2998,5517.21,POS,Swiggy,UK,2024-05-20 18:21:00,0,0
T100150,CARD-8994,999.97,POS,Zomato,UK,2024-02-08 18:56:00,0,0
T100151,CARD-2495,6131.57,Online,Petrol Pump,UAE,2024-05-05 05:24:00,0,0
T100152,CARD-4304,5309.76,ATM,Amazon,UK,2024-02-08 18:09:00,0,0
T100153,CARD-4763,3083.76,POS,Local Store,India,2024-01-16 10:59:00,0,0
T100154,CARD-6232,1846.99,POS,Myntra,India,2024-01-15 08:15:00,0,0
T100155,CARD-2853,2748.46,Online,Flipkart,India,2024-04-23 22:37:00,0,0
T100156,CARD-7585,4327.47,POS,Zomato,India,2024-04-22 23:41:00,0,0
T100157,CARD-2291,1033.63,POS,Swiggy,India,2024-04-17 10:02:00,0,0
T100158,CARD-4581,8623.43,POS,Myntra,India,2024-05-10 17:36:00,0,0
T100159,CARD-8554,4298.86,POS,Amazon,India,2024-01-16 00:02:00,0,0
T100160,CARD-8280,4657.21,ATM,Local Store,India,2024-02-29 16:25:00,0,0
T100161,CARD-2636,5283.47,POS,BigBasket,India,2024-04-08 17:42:00,0,0
T100162,CARD-4696,8077.69,Online,Local Store,India,2024-04-05 05:45:00,0,0
T100163,CARD-1698,3866.93,POS,Flipkart,India,2024-03-11 00:46:00,0,0
T100164,CARD-5737,5519.55,POS,Swiggy,USA,2024-02-26 02:58:00,0,0
T100165,CARD-1854,1874.14,POS,Zomato,USA,2024-04-08 02:27:00,0,0
T100166,CARD-9164,10480.75,Online,Local Store,India,2024-01-02 01:37:00,0,0
T100167,CARD-6855,3675.16,Online,Amazon,India,2024-04-12 22:10:00,0,0
T100168,CARD-8392,1865.96,ATM,Flipkart,India,2024-05-01 19:20:00,0,0
T100169,CARD-7528,2308.92,POS,Amazon,India,2024-06-26 22:10:00,0,0
T100170,CARD-6249,447.71,UPI,Myntra,India,2024-05-03 02:34:00,0,0
T100171,CARD-6172,2296.56,POS,BigBasket,India,2024-04-28 21:56:00,0,0
T100172,CARD-2707,174.6,POS,Zomato,India,2024-03-28 21:05:00,0,0
T100173,CARD-6791,5801.76,POS,Amazon,India,2024-03-03 07:43:00,0,0
T100174,CARD-6535,4556.95,ATM,Swiggy,Singapore,2024-05-08 23:31:00,0,0
T100175,CARD-5931,1408.09,POS,Myntra,Singapore,2024-02-29 19:55:00,0,0
T100176,CARD-4510,3211.65,POS,Myntra,India,2024-05-05 12:44:00,0,0
T100177,CARD-1202,3324.04,Online,Zomato,India,2024-03-24 11:18:00,0,0
T100178,CARD-5218,1147.81,POS,Myntra,India,2024-04-18 06:37:00,1,238
T100179,CARD-9958,2794.74,POS,Swiggy,India,2024-03-03 09:26:00,0,0
T100180,CARD-5389,3403.24,Online,Amazon,UK,2024-06-11 20:27:00,0,0
T100181,CARD-3327,2734.99,Online,Zomato,India,2024-01-22 05:22:00,0,0
T100182,CARD-9004,1864.33,Online,Petrol Pump,USA,2024-01-20 11:16:00,0,0
T100183,CARD-3931,1358.33,Online,Myntra,India,2024-05-13 05:04:00,0,0
T100184,CARD-8777,2658.94,Online,Myntra,Singapore,2024-02-21 13:13:00,0,0
T100185,CARD-1197,2065.36,Online,Swiggy,India,2024-02-27 16:09:00,0,0
T100186,CARD-8125,5041.07,UPI,BigBasket,USA,2024-06-15 10:07:00,0,0
T100187,CARD-2930,8409.14,POS,BigBasket,India,2024-02-17 16:41:00,0,0
T100188,CARD-7287,6336.05,Online,Local Store,India,2024-01-20 07:38:00,0,0
T100189,CARD-9800,3489.68,Online,Myntra,India,2024-04-22 05:36:00,0,0
T100190,CARD-5282,1926.43,POS,Petrol Pump,India,2024-02-13 10:12:00,0,0
T100191,CARD-3511,6220.12,Online,Amazon,UK,2024-05-25 15:08:00,0,0
T100192,CARD-1659,5257.01,ATM,Zomato,UK,2024-02-10 01:45:00,0,0
T100193,CARD-3811,8023.03,POS,Myntra,UK,2024-01-14 23:04:00,0,0
T100194,CARD-8098,3870.01,POS,Flipkart,India,2024-03-27 08:16:00,0,0
T100195,CARD-7546,10124.79,Online,Zomato,UAE,2024-03-29 19:44:00,0,0
T100196,CARD-2986,3870.89,POS,Local Store,India,2024-02-18 08:03:00,0,0
T100197,CARD-9338,1918.42,Online,BigBasket,India,2024-03-12 04:19:00,0,0
T100198,CARD-3911,2233.54,UPI,Petrol Pump,India,2024-02-10 23:45:00,0,0
T100199,CARD-2734,4873.73,POS,Myntra,India,2024-06-06 20:56:00,0,0
T100200,CARD-2843,2060.63,Online,Swiggy,India,2024-01-23 10:37:00,0,0
T100201,CARD-9680,10079.25,Online,Flipkart,India,2024-04-22 20:08:00,0,0
T100202,CARD-3976,4591.6,Online,Myntra,India,2024-04-30 04:44:00,0,0
T100203,CARD-2959,3432.42,POS,Petrol Pump,UAE,2024-03-14 07:45:00,0,0
T100204,CARD-6759,3652.96,Online,Local Store,India,2024-05-18 06:37:00,0,0
T100205,CARD-7694,2711.97,POS,Amazon,India,2024-04-15 21:12:00,0,0
T100206,CARD-3385,614.63,Online,Flipkart,India,2024-02-03 12:30:00,0,0
T100207,CARD-5736,2234.92,POS,Local Store,India,2024-05-21 01:41:00,0,0
T100208,CARD-2802,9272.71,ATM,Myntra,India,2024-03-23 22:15:00,0,0
T100209,CARD-9155,3947.1,POS,Amazon,India,2024-05-05 15:05:00,0,0
T100210,CARD-9120,6833.75,POS,Flipkart,India,2024-05-15 05:16:00,0,0
T100211,CARD-7616,6966.19,Online,Amazon,India,2024-02-25 16:46:00,0,0
T100212,CARD-6534,3234.89,Online,Amazon,India,2024-02-18 05:48:00,0,0
T100213,CARD-5061,5317.23,POS,Flipkart,UAE,2024-06-18 10:11:00,0,0
T100214,CARD-1262,695.01,Online,Flipkart,India,2024-05-12 07:45:00,0,0
T100215,CARD-7287,8783.9,Online,Amazon,India,2024-05-02 20:01:00,0,0
T100216,CARD-9815,8317.3,Online,Local Store,UAE,2024-04-27 15:20:00,0,0
T100217,CARD-3049,4778.54,Online,Petrol Pump,India,2024-04-26 13:36:00,0,0
T100218,CARD-6423,4052.71,Online,BigBasket,India,2024-01-17 11:23:00,0,0
T100219,CARD-5548,3267.79,ATM,Flipkart,UK,2024-02-12 02:46:00,0,0
T100220,CARD-4108,7370.71,Online,Myntra,India,2024-05-17 00:47:00,0,0
T100221,CARD-8158,5749.23,POS,Zomato,India,2024-01-01 01:14:00,0,0
T100222,CARD-8400,2482.36,Online,Swiggy,India,2024-06-26 06:05:00,0,0
T100223,CARD-4170,1197.59,POS,Amazon,India,2024-01-19 09:38:00,0,0
T100224,CARD-3255,983.43,Online,Amazon,India,2024-05-16 12:34:00,0,0
T100225,CARD-2154,7318.67,ATM,Swiggy,India,2024-03-08 06:41:00,0,0
T100226,CARD-5499,3213.65,ATM,BigBasket,India,2024-04-15 06:53:00,0,0
T100227,CARD-7295,4722.99,Online,Swiggy,India,2024-02-01 21:29:00,0,0
T100228,CARD-7197,3535.65,UPI,Flipkart,India,2024-03-26 13:19:00,0,0
T100229,CARD-2648,996.87,UPI,Swiggy,India,2024-06-09 18:45:00,0,0
T100230,CARD-6539,713.15,ATM,Amazon,India,2024-01-19 01:48:00,0,0
T100231,CARD-5199,2345.63,ATM,Swiggy,India,2024-01-21 12:25:00,0,0
T100232,CARD-9445,2511.72,Online,Zomato,India,2024-02-25 06:09:00,0,0
T100233,CARD-3557,2510.43,POS,Myntra,UK,2024-01-22 23:53:00,0,0
T100234,CARD-6592,2569.93,Online,Flipkart,India,2024-04-22 12:46:00,0,0
T100235,CARD-1098,12084.65,Online,Swiggy,India,2024-05-11 22:11:00,0,0
T100236,CARD-3200,6763.92,UPI,Amazon,India,2024-04-17 01:29:00,0,0
T100237,CARD-3961,3988.68,Online,Local Store,India,2024-03-12 04:31:00,0,0
T100238,CARD-5973,3151.86,POS,Myntra,UK,2024-03-05 16:24:00,0,0
T100239,CARD-5433,3238.15,ATM,Flipkart,India,2024-02-15 00:24:00,0,0
T100240,CARD-3869,5605.41,ATM,Amazon,Singapore,2024-01-17 08:05:00,0,0
T100241,CARD-1956,3129.24,UPI,BigBasket,India,2024-02-10 03:24:00,0,0
T100242,CARD-9352,6303.2,Online,Zomato,USA,2024-04-11 11:15:00,0,0
T100243,CARD-6699,4310.39,Online,Petrol Pump,India,2024-01-30 01:26:00,0,0
T100244,CARD-7944,12155.63,Online,BigBasket,UK,2024-02-23 15:41:00,0,0
T100245,CARD-5493,2985.75,Online,Petrol Pump,India,2024-06-11 00:32:00,0,0
T100246,CARD-5911,7091.45,Online,Zomato,India,2024-06-14 18:03:00,0,0
T100247,CARD-4987,1304.72,Online,Swiggy,India,2024-05-05 21:39:00,0,0
T100248,CARD-7015,1968.24,POS,Flipkart,India,2024-05-07 20:20:00,0,0
T100249,CARD-2218,11120.02,POS,Swiggy,UK,2024-04-26 23:35:00,0,0
T100250,CARD-5496,6122.31,Online,Zomato,India,2024-01-21 11:23:00,0,0
T100251,CARD-5735,4783.97,POS,Zomato,India,2024-01-06 01:05:00,0,0
T100252,CARD-5555,14186.44,Online,Zomato,USA,2024-01-16 19:23:00,0,0
T100253,CARD-9050,3186.76,Online,Petrol Pump,India,2024-05-23 13:24:00,0,0
T100254,CARD-4446,7080.11,POS,Myntra,Singapore,2024-01-11 22:13:00,0,0
T100255,CARD-2045,7433.56,POS,Amazon,USA,2024-03-18 21:56:00,0,0
T100256,CARD-7893,9579.63,POS,Flipkart,India,2024-03-04 05:18:00,0,0
T100257,CARD-2693,1163.12,Online,Swiggy,UK,2024-01-26 23:40:00,0,0
T100258,CARD-4436,3170.46,ATM,Swiggy,India,2024-06-24 09:12:00,0,0
T100259,CARD-9754,4256.29,POS,BigBasket,India,2024-06-15 13:29:00,0,0
T100260,CARD-6895,9477.07,POS,Petrol Pump,India,2024-04-07 10:39:00,0,0
T100261,CARD-4354,4646.84,POS,Zomato,India,2024-04-17 13:52:00,0,0
T100262,CARD-1225,7444.32,ATM,Local Store,USA,2024-05-16 06:21:00,0,0
T100263,CARD-5893,1062.19,POS,Zomato,UK,2024-01-15 14:58:00,0,0
T100264,CARD-8022,2622.55,POS,Zomato,India,2024-06-20 01:01:00,0,0
T100265,CARD-6600,8296.5,UPI,Local Store,India,2024-01-25 06:09:00,0,0
T100266,CARD-8996,2906.14,POS,Swiggy,Singapore,2024-05-29 11:23:00,0,0
T100267,CARD-8683,3373.72,Online,BigBasket,India,2024-06-03 07:56:00,0,0
T100268,CARD-5642,9377.9,POS,Amazon,India,2024-04-22 19:14:00,0,0
T100269,CARD-8679,1589.86,Online,Local Store,India,2024-03-01 01:29:00,0,0
T100270,CARD-9208,1940.75,Online,Petrol Pump,UK,2024-02-28 19:04:00,0,0
T100271,CARD-8339,951.28,POS,Myntra,India,2024-05-03 21:48:00,0,0
T100272,CARD-3205,9624.5,UPI,Flipkart,USA,2024-02-23 21:17:00,0,0
T100273,CARD-2069,6679.57,UPI,Petrol Pump,UAE,2024-06-28 19:52:00,0,0
T100274,CARD-4444,6565.11,Online,Local Store,India,2024-01-05 04:41:00,0,0
T100275,CARD-2060,2563.0,POS,Amazon,India,2024-02-24 07:29:00,0,0
T100276,CARD-3327,878.8,Online,Swiggy,UAE,2024-06-28 05:49:00,0,0
T100277,CARD-4420,634.23,UPI,Myntra,India,2024-05-14 01:06:00,0,0
T100278,CARD-1301,8337.18,UPI,Myntra,USA,2024-05-13 23:41:00,0,0
T100279,CARD-1606,5011.62,POS,Myntra,UK,2024-04-15 15:31:00,0,0
T100280,CARD-4170,5701.94,ATM,Zomato,India,2024-03-10 08:24:00,0,0
T100281,CARD-1699,4113.35,POS,Flipkart,USA,2024-05-02 01:54:00,0,0
T100282,CARD-6088,1740.99,POS,Swiggy,UAE,2024-04-13 05:00:00,0,0
T100283,CARD-1190,2659.88,Online,Swiggy,UAE,2024-04-11 11:50:00,0,0
T100284,CARD-1980,1376.91,POS,Myntra,India,2024-04-04 18:51:00,0,0
T100285,CARD-3975,1218.7,POS,Swiggy,India,2024-04-25 16:02:00,0,0
T100286,CARD-7102,6311.05,POS,Flipkart,India,2024-05-23 20:38:00,0,0
T100287,CARD-2184,700.38,Online,Flipkart,India,2024-03-20 23:18:00,0,0
T100288,CARD-4327,1385.67,UPI,BigBasket,India,2024-05-11 19:52:00,0,0
T100289,CARD-4394,2786.32,Online,Local Store,USA,2024-04-22 02:09:00,0,0
T100290,CARD-9319,3612.88,POS,Local Store,India,2024-01-02 00:28:00,0,0
T100291,CARD-2816,939.09,POS,BigBasket,India,2024-01-17 21:09:00,0,0
T100292,CARD-6854,4604.88,POS,Amazon,India,2024-05-17 02:16:00,0,0
T100293,CARD-7709,3945.55,POS,Local Store,USA,2024-06-02 17:15:00,0,0
T100294,CARD-1569,8241.77,Online,Flipkart,India,2024-02-20 04:15:00,0,0
T100295,CARD-6442,3659.18,Online,Flipkart,India,2024-06-28 05:18:00,0,0
T100296,CARD-2895,4942.11,POS,Local Store,India,2024-02-26 20:59:00,0,0
T100297,CARD-3733,1829.48,POS,Flipkart,USA,2024-01-20 22:38:00,0,0
T100298,CARD-4863,1897.97,Online,BigBasket,India,2024-06-05 12:49:00,0,0
T100299,CARD-8455,1042.73,POS,Myntra,India,2024-06-15 15:27:00,0,0
T100300,CARD-5014,1845.25,POS,Myntra,Singapore,2024-04-27 07:13:00,0,0
T100301,CARD-2686,2628.3,POS,Swiggy,USA,2024-05-22 02:20:00,0,0
T100302,CARD-4009,7704.36,ATM,Petrol Pump,Singapore,2024-05-29 01:17:00,0,0
T100303,CARD-8806,1608.23,Online,Petrol Pump,India,2024-05-03 10:12:00,0,0
T100304,CARD-1154,12506.25,Online,Myntra,India,2024-03-14 23:53:00,0,0
T100305,CARD-2409,5252.13,POS,Zomato,UK,2024-02-04 22:01:00,0,0
T100306,CARD-1784,4519.98,POS,BigBasket,India,2024-03-19 18:51:00,0,0
T100307,CARD-9096,3447.74,POS,Flipkart,USA,2024-06-20 14:33:00,0,0
T100308,CARD-8560,2968.0,ATM,Local Store,India,2024-01-01 12:47:00,0,0
T100309,CARD-8343,2091.15,ATM,Myntra,India,2024-04-03 17:27:00,0,0
T100310,CARD-8206,899.95,UPI,BigBasket,India,2024-02-10 07:06:00,0,0
T100311,CARD-6596,1659.07,POS,Myntra,India,2024-03-23 01:02:00,0,0
T100312,CARD-6801,9609.33,POS,Amazon,India,2024-01-30 20:08:00,0,0
T100313,CARD-3806,5028.84,Online,Flipkart,India,2024-04-28 20:49:00,0,0
T100314,CARD-1537,9553.37,Online,Amazon,Singapore,2024-04-11 16:04:00,0,0
T100315,CARD-6986,2045.72,POS,Flipkart,India,2024-04-11 04:13:00,0,0
T100316,CARD-2841,1339.77,Online,BigBasket,India,2024-02-23 09:10:00,0,0
T100317,CARD-9716,3422.11,UPI,Swiggy,UAE,2024-01-13 14:54:00,0,0
T100318,CARD-7971,1714.32,POS,Myntra,India,2024-03-27 08:37:00,0,0
T100319,CARD-6625,3974.14,POS,Myntra,India,2024-03-09 21:09:00,0,0
T100320,CARD-3950,713.79,Online,Zomato,USA,2024-01-29 03:02:00,0,0
T100321,CARD-8992,380.8,Online,Local Store,India,2024-01-26 11:14:00,0,0
T100322,CARD-5780,4395.43,Online,Amazon,USA,2024-01-26 21:00:00,0,0
T100323,CARD-3368,9785.37,Online,Myntra,USA,2024-04-30 12:50:00,0,0
T100324,CARD-7655,4536.51,Online,BigBasket,Singapore,2024-05-17 23:21:00,0,0
T100325,CARD-9173,4992.73,POS,Swiggy,India,2024-05-05 08:56:00,0,0
T100326,CARD-5495,3533.45,ATM,Local Store,India,2024-02-19 20:45:00,0,0
T100327,CARD-7002,3790.02,ATM,BigBasket,India,2024-05-16 02:31:00,0,0
T100328,CARD-7614,853.41,POS,Amazon,India,2024-05-08 20:21:00,0,0
T100329,CARD-6919,1772.04,Online,Zomato,UK,2024-01-12 22:34:00,0,0
T100330,CARD-1853,7651.9,ATM,Myntra,India,2024-04-19 15:23:00,0,0
T100331,CARD-5146,2581.3,ATM,BigBasket,India,2024-02-20 06:17:00,0,0
T100332,CARD-4769,7549.04,Online,Local Store,UAE,2024-03-31 21:04:00,0,0
T100333,CARD-1574,3712.8,POS,Flipkart,India,2024-06-27 08:09:00,0,0
T100334,CARD-2148,3854.2,Online,Swiggy,India,2024-01-31 08:43:00,0,0
T100335,CARD-7293,2597.21,ATM,Local Store,India,2024-06-09 16:48:00,0,0
T100336,CARD-7457,5516.31,UPI,BigBasket,UAE,2024-05-23 06:27:00,0,0
T100337,CARD-8509,6463.96,Online,Swiggy,India,2024-06-17 03:13:00,0,0
T100338,CARD-5777,1687.91,ATM,Myntra,UAE,2024-02-22 23:38:00,0,0
T100339,CARD-4854,942.19,POS,Flipkart,India,2024-02-11 03:18:00,0,0
T100340,CARD-3491,484.81,UPI,Zomato,USA,2024-03-14 05:13:00,0,0
T100341,CARD-4124,4824.52,POS,Local Store,UAE,2024-06-21 13:05:00,0,0
T100342,CARD-6691,4440.67,ATM,Zomato,India,2024-03-15 08:52:00,0,0
T100343,CARD-4051,14802.61,Online,Flipkart,India,2024-01-02 11:47:00,0,0
T100344,CARD-1004,3549.11,Online,Swiggy,India,2024-06-08 17:11:00,0,0
T100345,CARD-6222,3084.47,Online,Myntra,USA,2024-06-08 22:43:00,0,0
T100346,CARD-6315,4072.5,UPI,BigBasket,India,2024-01-27 16:45:00,0,0
T100347,CARD-5869,4234.86,ATM,Flipkart,India,2024-05-08 09:15:00,0,0
T100348,CARD-1876,2901.69,ATM,Amazon,India,2024-06-28 09:25:00,0,0
T100349,CARD-8027,1738.01,UPI,Swiggy,India,2024-05-13 11:00:00,0,0
T100350,CARD-5142,3406.63,Online,Zomato,India,2024-03-14 17:30:00,0,0
T100351,CARD-7966,3309.84,Online,Local Store,India,2024-04-02 10:05:00,0,0
T100352,CARD-8079,3269.13,Online,Flipkart,India,2024-02-29 10:57:00,0,0
T100353,CARD-8987,5922.0,Online,Zomato,UAE,2024-05-28 06:02:00,0,0
T100354,CARD-7799,3360.14,Online,Swiggy,India,2024-02-07 03:42:00,0,0
T100355,CARD-5465,963.93,POS,Zomato,India,2024-03-22 07:56:00,0,0
T100356,CARD-1635,1994.26,Online,Flipkart,Singapore,2024-01-27 05:15:00,0,0
T100357,CARD-2693,2873.51,Online,Swiggy,USA,2024-04-07 02:05:00,0,0
T100358,CARD-5752,3481.75,Online,Amazon,UK,2024-01-07 13:59:00,0,0
T100359,CARD-9311,4896.57,Online,Flipkart,India,2024-02-22 08:01:00,0,0
T100360,CARD-1830,3502.59,UPI,BigBasket,India,2024-04-15 19:36:00,0,0
T100361,CARD-6177,392.01,POS,Petrol Pump,India,2024-04-25 19:26:00,0,0
T100362,CARD-9932,1083.92,UPI,Myntra,USA,2024-03-27 06:32:00,0,0
T100363,CARD-9308,5134.67,Online,Flipkart,India,2024-03-14 07:46:00,0,0
T100364,CARD-6949,2812.04,Online,Swiggy,India,2024-02-26 08:51:00,0,0
T100365,CARD-3838,3732.11,POS,Local Store,India,2024-03-20 06:31:00,0,0
T100366,CARD-2150,2536.53,Online,Myntra,India,2024-02-29 22:16:00,0,0
T100367,CARD-8560,1987.13,Online,Flipkart,India,2024-04-07 14:42:00,0,0
T100368,CARD-2931,2611.76,Online,Amazon,India,2024-04-15 18:44:00,0,0
T100369,CARD-2664,3765.36,Online,Local Store,India,2024-06-13 03:22:00,0,0
T100370,CARD-2081,3341.2,Online,Amazon,India,2024-04-05 18:54:00,0,0
T100371,CARD-1512,6435.3,Online,BigBasket,Singapore,2024-06-16 17:35:00,0,0
T100372,CARD-8805,781.43,POS,Local Store,USA,2024-02-18 13:59:00,0,0
T100373,CARD-6237,903.11,Online,Zomato,UK,2024-04-08 06:42:00,0,0
T100374,CARD-1559,2786.02,Online,Petrol Pump,USA,2024-02-08 21:42:00,0,0
T100375,CARD-4672,4935.95,ATM,Local Store,India,2024-06-28 20:10:00,0,0
T100376,CARD-8404,5702.78,Online,Myntra,India,2024-02-13 01:11:00,0,0
T100377,CARD-4343,2055.37,Online,Local Store,India,2024-04-29 10:39:00,0,0
T100378,CARD-5070,120.88,ATM,Swiggy,India,2024-06-09 17:29:00,0,0
T100379,CARD-1580,2112.51,Online,Petrol Pump,India,2024-06-01 04:42:00,0,0
T100380,CARD-8004,4450.76,Online,Swiggy,India,2024-02-04 14:53:00,0,0
T100381,CARD-9130,3293.96,POS,Zomato,India,2024-01-23 02:26:00,0,0
T100382,CARD-4147,5063.93,Online,Local Store,India,2024-01-30 18:39:00,0,0
T100383,CARD-5249,7475.69,POS,Amazon,India,2024-05-10 18:57:00,0,0
T100384,CARD-2679,2940.54,ATM,Amazon,India,2024-02-20 06:01:00,1,161
T100385,CARD-4506,2314.79,Online,Flipkart,UAE,2024-06-15 16:28:00,0,0
T100386,CARD-8253,1530.95,POS,BigBasket,India,2024-02-24 03:50:00,0,0
T100387,CARD-3744,897.69,POS,Myntra,India,2024-03-03 08:27:00,0,0
T100388,CARD-6188,661.81,Online,Petrol Pump,India,2024-05-30 20:56:00,0,0
T100389,CARD-3141,1887.05,POS,BigBasket,India,2024-01-29 06:56:00,0,0
T100390,CARD-7617,6803.81,Online,Local Store,India,2024-01-18 00:50:00,0,0
T100391,CARD-3479,5408.0,POS,BigBasket,India,2024-05-25 05:24:00,0,0
T100392,CARD-7484,2225.59,Online,Flipkart,India,2024-05-03 16:50:00,0,0
T100393,CARD-8421,12582.21,POS,BigBasket,India,2024-03-14 16:00:00,0,0
T100394,CARD-5452,2001.23,Online,Petrol Pump,UK,2024-05-22 11:26:00,0,0
T100395,CARD-6881,7950.67,ATM,Zomato,UK,2024-02-21 13:35:00,0,0
T100396,CARD-7665,9209.15,Online,Flipkart,India,2024-04-04 09:58:00,0,0
T100397,CARD-3849,4667.61,Online,Zomato,India,2024-03-28 21:58:00,0,0
T100398,CARD-8390,1871.82,POS,Local Store,USA,2024-06-05 02:33:00,0,0
T100399,CARD-7905,2476.25,POS,Flipkart,India,2024-03-23 09:03:00,0,0
T100400,CARD-3489,3833.28,POS,Local Store,India,2024-01-26 23:07:00,0,0
T100401,CARD-5611,924.63,POS,Local Store,India,2024-04-16 00:07:00,0,0
T100402,CARD-3839,1401.36,POS,BigBasket,UK,2024-03-18 23:00:00,0,0
T100403,CARD-9527,1295.07,ATM,Zomato,India,2024-06-15 11:21:00,0,0
T100404,CARD-6878,4919.83,Online,Local Store,India,2024-04-28 13:15:00,0,0
T100405,CARD-7303,7427.72,POS,Zomato,USA,2024-04-08 00:52:00,0,0
T100406,CARD-1851,5555.58,ATM,Zomato,India,2024-05-12 22:28:00,0,0
T100407,CARD-2687,6623.22,UPI,Flipkart,India,2024-04-06 11:28:00,0,0
T100408,CARD-7833,1736.25,ATM,Swiggy,Singapore,2024-04-27 12:41:00,0,0
T100409,CARD-3427,2567.66,Online,BigBasket,India,2024-04-21 00:36:00,0,0
T100410,CARD-5000,2726.72,Online,Local Store,India,2024-04-25 21:02:00,0,0
T100411,CARD-6052,4654.42,POS,Zomato,India,2024-01-22 12:28:00,0,0
T100412,CARD-3738,1932.56,POS,Myntra,India,2024-06-16 09:31:00,0,0
T100413,CARD-6732,6348.76,POS,Swiggy,India,2024-02-23 02:08:00,0,0
T100414,CARD-6387,9042.18,POS,Local Store,India,2024-04-27 18:18:00,0,0
T100415,CARD-9002,4824.01,ATM,Myntra,India,2024-03-19 18:30:00,0,0
T100416,CARD-6536,2477.03,Online,BigBasket,UAE,2024-06-01 01:36:00,0,0
T100417,CARD-4913,1602.11,ATM,BigBasket,India,2024-05-17 18:18:00,0,0
T100418,CARD-2066,1297.96,Online,Zomato,India,2024-04-09 13:37:00,0,0
T100419,CARD-8723,397.68,Online,Zomato,India,2024-04-07 22:41:00,0,0
T100420,CARD-5380,2794.07,POS,Petrol Pump,USA,2024-01-09 14:44:00,0,0
T100421,CARD-5107,2668.47,POS,Petrol Pump,India,2024-04-07 06:21:00,0,0
T100422,CARD-6726,6085.23,Online,Local Store,India,2024-05-16 08:57:00,0,0
T100423,CARD-4373,2043.11,Online,Flipkart,India,2024-04-26 00:15:00,0,0
T100424,CARD-9945,2920.18,UPI,Swiggy,India,2024-06-16 14:36:00,0,0
T100425,CARD-3082,4117.48,Online,Local Store,India,2024-04-28 10:14:00,0,0
T100426,CARD-9967,4768.52,POS,Swiggy,UAE,2024-01-14 10:40:00,0,0
T100427,CARD-7748,5613.58,POS,Zomato,India,2024-02-29 11:37:00,0,0
T100428,CARD-1417,3822.92,POS,BigBasket,India,2024-04-19 06:39:00,0,0
T100429,CARD-9306,980.97,POS,Zomato,India,2024-05-16 11:44:00,0,0
T100430,CARD-9808,4475.49,Online,BigBasket,UAE,2024-06-20 04:32:00,0,0
T100431,CARD-4974,1918.52,POS,Petrol Pump,India,2024-06-15 16:37:00,0,0
T100432,CARD-4267,7661.74,Online,Local Store,India,2024-05-13 14:25:00,0,0
T100433,CARD-1825,3388.56,POS,Petrol Pump,India,2024-01-24 17:20:00,0,0
T100434,CARD-8668,3994.4,Online,BigBasket,India,2024-01-05 17:09:00,0,0
T100435,CARD-6745,15573.78,POS,Zomato,India,2024-04-19 21:33:00,0,0
T100436,CARD-1412,5681.33,Online,Petrol Pump,India,2024-04-11 00:17:00,0,0
T100437,CARD-8543,4417.51,Online,Amazon,India,2024-02-27 08:37:00,0,0
T100438,CARD-8587,2988.47,Online,Swiggy,India,2024-02-15 14:01:00,0,0
T100439,CARD-1728,1066.19,Online,Myntra,India,2024-01-31 17:27:00,0,0
T100440,CARD-8164,2822.24,ATM,BigBasket,India,2024-03-01 04:33:00,0,0
T100441,CARD-9867,1584.25,Online,BigBasket,India,2024-06-09 15:22:00,0,0
T100442,CARD-6988,9771.25,UPI,Amazon,USA,2024-01-04 20:24:00,0,0
T100443,CARD-3504,4459.74,UPI,Local Store,Singapore,2024-06-20 10:15:00,0,0
T100444,CARD-3967,7475.96,POS,Local Store,Singapore,2024-04-10 05:47:00,0,0
T100445,CARD-3786,1993.76,Online,Local Store,UAE,2024-06-13 03:21:00,0,0
T100446,CARD-2122,1689.7,Online,Myntra,India,2024-02-13 22:08:00,0,0
T100447,CARD-5079,5303.0,POS,Flipkart,USA,2024-01-24 23:50:00,0,0
T100448,CARD-2571,1526.82,Online,Amazon,India,2024-02-07 06:53:00,0,0
T100449,CARD-6073,2326.6,Online,Myntra,India,2024-03-30 12:44:00,0,0
T100450,CARD-6104,10076.13,POS,Petrol Pump,India,2024-04-14 15:53:00,0,0
T100451,CARD-3143,2404.29,ATM,Amazon,India,2024-05-20 20:21:00,0,0
T100452,CARD-7806,848.58,POS,BigBasket,USA,2024-06-26 17:49:00,0,0
T100453,CARD-8357,540.67,Online,Swiggy,India,2024-02-25 13:41:00,0,0
T100454,CARD-4440,742.1,POS,Amazon,India,2024-01-11 20:05:00,0,0
T100455,CARD-4766,7771.54,Online,Flipkart,UK,2024-06-11 16:05:00,0,0
T100456,CARD-6644,2101.83,Online,Zomato,India,2024-02-05 05:13:00,0,0
T100457,CARD-3914,15262.1,ATM,Petrol Pump,India,2024-04-15 04:22:00,0,0
T100458,CARD-5968,9110.87,Online,Myntra,UK,2024-02-22 08:43:00,0,0
T100459,CARD-6917,11659.21,Online,Petrol Pump,India,2024-02-10 14:26:00,0,0
T100460,CARD-9787,6738.21,Online,Petrol Pump,India,2024-01-03 18:21:00,0,0
T100461,CARD-1728,5109.23,ATM,Amazon,India,2024-04-07 14:45:00,0,0
T100462,CARD-2365,1635.62,POS,Amazon,India,2024-05-20 11:30:00,0,0
T100463,CARD-5492,3324.63,POS,Flipkart,UAE,2024-05-20 13:10:00,0,0
T100464,CARD-1698,5474.08,POS,Swiggy,India,2024-03-21 07:11:00,0,0
T100465,CARD-8186,6458.35,Online,Amazon,India,2024-03-23 19:18:00,0,0
T100466,CARD-1395,1169.09,POS,Amazon,India,2024-03-07 04:55:00,0,0
T100467,CARD-8400,2857.89,Online,Swiggy,India,2024-03-15 14:41:00,0,0
T100468,CARD-9082,3124.38,Online,Flipkart,Singapore,2024-01-12 19:04:00,0,0
T100469,CARD-5171,3028.76,POS,Myntra,India,2024-03-28 05:00:00,0,0
T100470,CARD-5360,1326.56,UPI,Petrol Pump,India,2024-03-18 07:16:00,0,0
T100471,CARD-3502,10778.06,Online,Myntra,India,2024-04-16 19:52:00,0,0
T100472,CARD-1717,2782.08,Online,Amazon,India,2024-06-03 14:01:00,0,0
T100473,CARD-3782,1419.08,Online,Swiggy,UK,2024-04-02 01:56:00,0,0
T100474,CARD-5946,10951.14,Online,Amazon,India,2024-03-23 06:14:00,0,0
T100475,CARD-6486,9116.59,UPI,Local Store,India,2024-02-04 07:22:00,0,0
T100476,CARD-9335,3710.49,POS,Zomato,India,2024-03-04 15:36:00,0,0
T100477,CARD-5980,2269.02,POS,Myntra,USA,2024-02-15 13:34:00,0,0
T100478,CARD-8266,678.52,POS,Local Store,India,2024-04-25 22:43:00,0,0
T100479,CARD-5491,4843.07,Online,BigBasket,UK,2024-03-04 04:49:00,0,0
T100480,CARD-8192,2138.41,POS,Zomato,India,2024-04-28 16:24:00,0,0
T100481,CARD-6588,3262.79,Online,Amazon,UK,2024-02-01 19:56:00,0,0
T100482,CARD-8651,10322.57,POS,Flipkart,India,2024-05-22 09:05:00,0,0
T100483,CARD-4636,2007.67,UPI,Myntra,India,2024-04-10 07:14:00,0,0
T100484,CARD-2167,4696.11,POS,BigBasket,India,2024-05-17 08:57:00,0,0
T100485,CARD-2062,5728.39,Online,Zomato,India,2024-04-27 08:33:00,0,0
T100486,CARD-3156,7610.81,ATM,Myntra,UK,2024-05-19 22:26:00,0,0
T100487,CARD-8860,3081.37,Online,Swiggy,USA,2024-06-28 17:09:00,0,0
T100488,CARD-6161,2834.62,Online,Flipkart,India,2024-04-13 21:54:00,0,0
T100489,CARD-6305,2782.1,Online,Zomato,India,2024-05-15 19:42:00,0,0
T100490,CARD-7541,4374.68,Online,Swiggy,India,2024-04-01 00:09:00,0,0
T100491,CARD-5729,8863.68,POS,Local Store,USA,2024-02-23 01:27:00,0,0
T100492,CARD-8330,2681.16,POS,Amazon,India,2024-01-06 06:50:00,0,0
T100493,CARD-6334,174.47,UPI,Swiggy,India,2024-03-16 23:01:00,0,0
T100494,CARD-9924,6176.6,POS,Zomato,India,2024-06-04 13:10:00,0,0
T100495,CARD-5330,3509.31,POS,Petrol Pump,India,2024-01-11 23:11:00,0,0
T100496,CARD-9010,4850.83,Online,Zomato,India,2024-02-10 07:27:00,0,0
T100497,CARD-7801,707.66,Online,Petrol Pump,India,2024-06-10 01:20:00,0,0
T100498,CARD-5846,2145.43,POS,Local Store,India,2024-06-12 02:58:00,0,0
T100499,CARD-7731,5833.44,Online,Amazon,Singapore,2024-05-18 04:18:00,0,0
T100500,CARD-8241,1030.38,ATM,Petrol Pump,India,2024-04-14 16:17:00,0,0
T100501,CARD-1953,4688.51,Online,Petrol Pump,India,2024-02-18 18:46:00,0,0
T100502,CARD-3539,3242.15,Online,Swiggy,India,2024-05-16 18:16:00,0,0
T100503,CARD-8056,1773.63,Online,Swiggy,USA,2024-05-03 06:43:00,0,0
T100504,CARD-2542,1648.42,Online,Amazon,India,2024-06-12 03:55:00,0,0
T100505,CARD-6293,1338.28,Online,Swiggy,India,2024-02-29 19:48:00,0,0
T100506,CARD-2191,3495.14,POS,Myntra,India,2024-02-01 20:50:00,0,0
T100507,CARD-7313,3809.97,Online,Amazon,India,2024-04-05 17:46:00,0,0
T100508,CARD-7938,2472.64,POS,Flipkart,India,2024-01-23 20:08:00,0,0
T100509,CARD-3681,1260.69,Online,Petrol Pump,UAE,2024-04-05 17:01:00,1,21
T100510,CARD-2540,4592.36,Online,Zomato,UK,2024-02-02 07:31:00,0,0
T100511,CARD-7172,6254.39,Online,Flipkart,India,2024-03-21 07:32:00,0,0
T100512,CARD-6541,5201.17,ATM,Petrol Pump,India,2024-01-15 07:28:00,0,0
T100513,CARD-2365,11967.71,Online,Myntra,UK,2024-02-26 05:46:00,0,0
T100514,CARD-9691,2883.05,POS,Petrol Pump,India,2024-05-19 02:03:00,0,0
T100515,CARD-9702,8292.56,Online,Petrol Pump,UAE,2024-06-23 14:54:00,0,0
T100516,CARD-8494,1928.18,POS,Petrol Pump,India,2024-02-28 07:56:00,0,0
T100517,CARD-5312,1666.35,Online,Local Store,UK,2024-02-08 21:37:00,0,0
T100518,CARD-2324,3660.2,POS,Myntra,USA,2024-06-12 04:59:00,0,0
T100519,CARD-4141,9534.02,POS,BigBasket,UK,2024-02-10 01:16:00,0,0
T100520,CARD-8419,2635.22,UPI,BigBasket,India,2024-01-09 00:40:00,0,0
T100521,CARD-4486,707.07,Online,BigBasket,India,2024-05-08 19:13:00,0,0
T100522,CARD-2810,6172.95,Online,Amazon,UK,2024-02-05 01:08:00,0,0
T100523,CARD-7588,3136.37,Online,Swiggy,India,2024-06-20 11:56:00,0,0
T100524,CARD-3923,4165.74,ATM,Myntra,India,2024-04-23 13:35:00,0,0
T100525,CARD-6301,1744.63,POS,Flipkart,USA,2024-04-23 00:15:00,0,0
T100526,CARD-5186,3634.43,POS,Local Store,USA,2024-06-18 23:19:00,0,0
T100527,CARD-9905,828.1,Online,Flipkart,UK,2024-05-18 17:38:00,0,0
T100528,CARD-6977,10886.86,Online,Flipkart,India,2024-05-11 20:05:00,1,72
T100529,CARD-5268,6971.96,Online,Flipkart,USA,2024-01-24 00:03:00,0,0
T100530,CARD-5748,3511.62,UPI,Local Store,USA,2024-03-06 12:26:00,0,0
T100531,CARD-5849,6055.58,POS,BigBasket,India,2024-04-07 18:30:00,0,0
T100532,CARD-4709,1932.51,UPI,Flipkart,India,2024-06-28 01:29:00,0,0
T100533,CARD-7619,6762.58,Online,Local Store,India,2024-05-14 12:29:00,0,0
T100534,CARD-9647,2541.51,POS,Local Store,India,2024-01-01 00:28:00,0,0
T100535,CARD-4072,2395.97,POS,Swiggy,Singapore,2024-05-14 08:02:00,0,0
T100536,CARD-7530,1425.4,Online,Local Store,India,2024-02-03 01:19:00,0,0
T100537,CARD-1504,4551.05,ATM,BigBasket,USA,2024-04-13 02:29:00,0,0
T100538,CARD-2214,3396.26,UPI,Flipkart,Singapore,2024-06-15 20:30:00,0,0
T100539,CARD-2531,8470.85,ATM,Local Store,India,2024-06-14 13:15:00,0,0
T100540,CARD-8576,1273.9,POS,Amazon,UAE,2024-02-01 12:46:00,0,0
T100541,CARD-1823,4566.02,Online,Local Store,India,2024-02-03 02:17:00,1,48
T100542,CARD-1928,7435.13,Online,Zomato,UAE,2024-02-16 22:00:00,0,0
T100543,CARD-6029,3860.84,UPI,Zomato,India,2024-06-25 13:30:00,0,0
T100544,CARD-1133,2502.09,Online,Zomato,UK,2024-03-13 07:43:00,0,0
T100545,CARD-3105,3787.49,POS,Local Store,India,2024-06-26 15:37:00,0,0
T100546,CARD-4627,8023.98,POS,BigBasket,India,2024-06-28 03:28:00,0,0
T100547,CARD-7316,8021.74,POS,Flipkart,USA,2024-04-10 09:35:00,0,0
T100548,CARD-2852,3037.68,UPI,Myntra,India,2024-02-08 03:43:00,0,0
T100549,CARD-5910,7928.81,Online,Myntra,India,2024-02-22 15:59:00,0,0
T100550,CARD-5175,3274.64,Online,Myntra,India,2024-02-27 09:54:00,0,0
T100551,CARD-6348,6008.98,Online,BigBasket,USA,2024-01-18 14:25:00,0,0
T100552,CARD-7190,4953.65,Online,Swiggy,India,2024-06-22 06:15:00,0,0
T100553,CARD-2256,2420.68,Online,Petrol Pump,India,2024-02-04 23:50:00,1,65
T100554,CARD-4376,1473.88,Online,Amazon,India,2024-06-06 00:33:00,0,0
T100555,CARD-6645,7567.14,ATM,Amazon,India,2024-02-11 08:37:00,0,0
T100556,CARD-4486,9006.31,UPI,Zomato,India,2024-05-16 04:46:00,0,0
T100557,CARD-4584,4488.2,Online,Zomato,India,2024-01-02 07:46:00,1,127
T100558,CARD-9053,3271.25,Online,Local Store,India,2024-04-28 21:59:00,1,97
T100559,CARD-4330,1121.78,UPI,Myntra,India,2024-01-06 12:41:00,0,0
T100560,CARD-3703,7436.42,Online,Local Store,India,2024-04-19 04:12:00,0,0
T100561,CARD-9662,4119.59,Online,Petrol Pump,UK,2024-06-26 04:50:00,0,0
T100562,CARD-9120,2708.54,Online,Myntra,India,2024-03-23 20:09:00,0,0
T100563,CARD-8114,6127.07,POS,Zomato,India,2024-05-11 18:53:00,0,0
T100564,CARD-2353,925.89,Online,Flipkart,India,2024-02-23 20:47:00,0,0
T100565,CARD-6063,1360.16,UPI,Swiggy,India,2024-02-26 00:24:00,0,0
T100566,CARD-9549,1871.77,Online,Local Store,USA,2024-02-26 09:19:00,0,0
T100567,CARD-8575,4844.09,POS,Swiggy,India,2024-03-10 06:44:00,0,0
T100568,CARD-1667,3818.84,Online,Swiggy,India,2024-05-27 10:10:00,0,0
T100569,CARD-5468,5255.43,POS,Swiggy,India,2024-03-25 23:17:00,0,0
T100570,CARD-7819,7097.93,POS,Zomato,India,2024-02-26 01:29:00,0,0
T100571,CARD-4719,5388.94,POS,Amazon,India,2024-04-20 20:33:00,0,0
T100572,CARD-3745,11038.65,POS,Zomato,India,2024-02-05 02:48:00,0,0
T100573,CARD-8483,7086.74,POS,Swiggy,India,2024-03-16 22:29:00,0,0
T100574,CARD-1539,3032.07,UPI,Zomato,Singapore,2024-02-20 21:42:00,0,0
T100575,CARD-5964,2133.37,ATM,Swiggy,India,2024-06-06 06:12:00,0,0
T100576,CARD-5835,3105.0,POS,BigBasket,India,2024-03-06 22:48:00,0,0
T100577,CARD-4775,5521.17,Online,Myntra,UK,2024-04-21 12:16:00,0,0
T100578,CARD-7042,2330.61,Online,Amazon,USA,2024-03-21 15:16:00,0,0
T100579,CARD-8102,5627.97,Online,BigBasket,India,2024-01-26 19:06:00,0,0
T100580,CARD-8312,5188.03,POS,Flipkart,USA,2024-01-28 23:37:00,0,0
T100581,CARD-6320,1454.44,Online,Zomato,UAE,2024-02-29 23:54:00,0,0
T100582,CARD-7132,6997.05,Online,Flipkart,India,2024-03-29 07:33:00,0,0
T100583,CARD-8891,4374.44,ATM,Local Store,India,2024-03-28 11:02:00,0,0
T100584,CARD-3779,10688.49,ATM,Zomato,India,2024-05-18 15:59:00,0,0
T100585,CARD-1924,3283.44,UPI,Petrol Pump,Singapore,2024-01-12 18:19:00,0,0
T100586,CARD-2581,2610.21,Online,Petrol Pump,India,2024-06-02 20:19:00,0,0
T100587,CARD-8714,1285.78,POS,Myntra,India,2024-05-06 05:47:00,0,0
T100588,CARD-4324,1266.56,Online,BigBasket,UAE,2024-01-31 21:00:00,0,0
T100589,CARD-6713,6438.32,Online,Myntra,India,2024-05-17 06:08:00,0,0
T100590,CARD-8026,9988.13,Online,Local Store,India,2024-05-18 09:34:00,0,0
T100591,CARD-1255,3070.85,Online,Swiggy,India,2024-04-09 19:38:00,0,0
T100592,CARD-5804,2916.16,Online,Myntra,India,2024-02-13 03:19:00,0,0
T100593,CARD-2838,3517.5,ATM,Myntra,UK,2024-04-25 13:13:00,0,0
T100594,CARD-1009,7323.26,Online,Petrol Pump,India,2024-04-02 06:11:00,0,0
T100595,CARD-3871,1466.48,POS,Swiggy,UAE,2024-04-10 04:18:00,0,0
T100596,CARD-9989,3987.46,POS,Petrol Pump,India,2024-04-12 10:51:00,0,0
T100597,CARD-8409,6538.5,Online,Zomato,India,2024-05-30 21:58:00,0,0
T100598,CARD-8418,4801.77,POS,Swiggy,Singapore,2024-05-31 23:07:00,0,0
T100599,CARD-6124,91.84,Online,BigBasket,India,2024-01-04 12:17:00,0,0
T100600,CARD-2015,5407.82,POS,Myntra,India,2024-05-13 03:35:00,0,0
T100601,CARD-3193,4835.14,Online,Petrol Pump,India,2024-04-14 00:45:00,0,0
T100602,CARD-9415,8286.79,Online,Swiggy,UAE,2024-01-14 07:17:00,0,0
T100603,CARD-8449,9469.65,Online,Local Store,India,2024-01-25 07:50:00,1,200
T100604,CARD-5158,8011.54,POS,Local Store,India,2024-04-14 15:25:00,0,0
T100605,CARD-4925,3531.92,UPI,Myntra,India,2024-03-16 10:12:00,0,0
T100606,CARD-7970,672.05,Online,BigBasket,India,2024-03-20 22:00:00,0,0
T100607,CARD-7938,2899.51,POS,Flipkart,USA,2024-02-27 15:48:00,0,0
T100608,CARD-5784,3447.19,POS,Petrol Pump,India,2024-05-30 22:34:00,0,0
T100609,CARD-5000,9904.84,UPI,BigBasket,India,2024-04-04 15:00:00,0,0
T100610,CARD-2633,1760.31,ATM,Amazon,India,2024-06-14 09:38:00,0,0
T100611,CARD-8266,954.72,POS,Amazon,India,2024-01-21 14:40:00,0,0
T100612,CARD-9702,2343.21,POS,Amazon,UK,2024-06-11 19:13:00,0,0
T100613,CARD-1384,1846.09,ATM,Myntra,India,2024-05-12 18:31:00,0,0
T100614,CARD-1404,861.14,Online,Local Store,Singapore,2024-03-12 01:02:00,0,0
T100615,CARD-9175,3123.33,Online,Zomato,India,2024-05-22 16:32:00,0,0
T100616,CARD-3000,3550.75,Online,Petrol Pump,India,2024-05-09 17:10:00,0,0
T100617,CARD-6989,808.59,ATM,Local Store,UK,2024-01-26 07:25:00,0,0
T100618,CARD-2460,2597.0,ATM,Zomato,India,2024-01-05 00:36:00,0,0
T100619,CARD-8190,1744.02,Online,Zomato,USA,2024-02-02 18:58:00,0,0
T100620,CARD-8140,3639.24,POS,Local Store,Singapore,2024-04-28 04:43:00,0,0
T100621,CARD-4636,3914.66,POS,Petrol Pump,India,2024-04-06 15:55:00,0,0
T100622,CARD-5809,1744.33,Online,Myntra,India,2024-04-06 17:34:00,0,0
T100623,CARD-5178,6954.91,UPI,BigBasket,USA,2024-01-17 17:14:00,0,0
T100624,CARD-8245,3388.66,Online,Zomato,India,2024-06-17 18:30:00,0,0
T100625,CARD-7600,1818.4,Online,Flipkart,India,2024-03-21 14:48:00,0,0
T100626,CARD-6997,753.48,POS,Local Store,India,2024-04-21 17:37:00,0,0
T100627,CARD-3048,4071.72,POS,Local Store,India,2024-01-26 13:59:00,0,0
T100628,CARD-5780,4826.94,Online,Amazon,USA,2024-03-15 09:12:00,0,0
T100629,CARD-1716,2235.17,POS,BigBasket,India,2024-03-29 13:14:00,0,0
T100630,CARD-8939,3726.9,POS,Amazon,India,2024-02-17 10:42:00,0,0
T100631,CARD-6565,9469.35,Online,Local Store,India,2024-02-09 02:41:00,0,0
T100632,CARD-5544,6226.57,Online,Local Store,India,2024-06-08 21:26:00,0,0
T100633,CARD-5976,292.56,POS,Zomato,India,2024-06-11 04:52:00,0,0
T100634,CARD-4419,1799.93,Online,BigBasket,USA,2024-03-17 11:00:00,0,0
T100635,CARD-8239,3005.79,UPI,Swiggy,India,2024-04-19 01:40:00,0,0
T100636,CARD-1249,3535.73,ATM,Flipkart,USA,2024-01-25 15:47:00,0,0
T100637,CARD-9865,3788.04,UPI,Petrol Pump,UK,2024-03-09 22:04:00,0,0
T100638,CARD-1770,4609.58,Online,Zomato,India,2024-06-08 12:36:00,0,0
T100639,CARD-5363,3085.2,UPI,Local Store,India,2024-03-28 08:28:00,0,0
T100640,CARD-2077,3382.24,Online,Petrol Pump,India,2024-03-07 03:31:00,0,0
T100641,CARD-9427,6449.65,Online,Zomato,India,2024-01-17 12:46:00,0,0
T100642,CARD-9580,4131.0,Online,Flipkart,UK,2024-03-31 12:44:00,0,0
T100643,CARD-8901,1166.47,Online,Local Store,UK,2024-01-26 15:01:00,0,0
T100644,CARD-5858,3621.56,POS,Flipkart,India,2024-04-12 20:35:00,0,0
T100645,CARD-7544,3012.34,POS,Petrol Pump,India,2024-05-23 15:13:00,0,0
T100646,CARD-5719,452.94,Online,Swiggy,UK,2024-04-07 19:04:00,0,0
T100647,CARD-3814,3763.35,POS,Zomato,Singapore,2024-05-18 22:25:00,0,0
T100648,CARD-4374,1321.69,Online,Myntra,India,2024-04-30 14:48:00,0,0
T100649,CARD-2252,6515.3,POS,Zomato,India,2024-02-06 04:47:00,0,0
T100650,CARD-7996,4562.48,Online,Amazon,India,2024-05-22 22:49:00,0,0
T100651,CARD-5673,1103.64,ATM,BigBasket,Singapore,2024-01-01 07:33:00,0,0
T100652,CARD-5530,6314.36,ATM,BigBasket,India,2024-02-22 09:12:00,0,0
T100653,CARD-7881,8376.22,POS,Amazon,India,2024-03-26 07:52:00,0,0
T100654,CARD-7949,2728.5,Online,Local Store,India,2024-03-01 16:02:00,0,0
T100655,CARD-7241,2998.44,Online,BigBasket,India,2024-01-08 14:56:00,0,0
T100656,CARD-9017,5895.69,ATM,Flipkart,India,2024-03-20 06:56:00,0,0
T100657,CARD-7941,7962.65,Online,Petrol Pump,Singapore,2024-03-09 20:02:00,0,0
T100658,CARD-8002,619.74,Online,Petrol Pump,India,2024-02-18 21:24:00,0,0
T100659,CARD-2331,1235.44,Online,BigBasket,India,2024-02-26 21:32:00,0,0
T100660,CARD-5261,2381.15,POS,BigBasket,India,2024-03-08 11:30:00,0,0
T100661,CARD-8648,2599.57,POS,Amazon,India,2024-02-23 23:07:00,0,0
T100662,CARD-6115,5778.85,ATM,Local Store,India,2024-06-02 06:39:00,0,0
T100663,CARD-5637,7990.22,Online,Swiggy,India,2024-04-24 10:00:00,0,0
T100664,CARD-5854,8391.59,Online,BigBasket,India,2024-05-31 07:52:00,0,0
T100665,CARD-4177,602.29,ATM,Myntra,India,2024-06-21 08:18:00,0,0
T100666,CARD-8730,1655.51,ATM,BigBasket,India,2024-06-14 21:22:00,0,0
T100667,CARD-3180,2025.67,Online,Swiggy,India,2024-06-12 18:51:00,0,0
T100668,CARD-5892,1649.47,POS,Amazon,Singapore,2024-03-06 03:09:00,0,0
T100669,CARD-8043,4552.51,Online,Swiggy,UK,2024-03-08 00:36:00,0,0
T100670,CARD-1137,4952.14,UPI,Amazon,India,2024-04-02 10:09:00,0,0
T100671,CARD-7327,3349.94,Online,Flipkart,India,2024-01-06 12:37:00,0,0
T100672,CARD-4472,3110.35,UPI,Amazon,UK,2024-06-19 13:26:00,0,0
T100673,CARD-6449,2466.33,POS,Flipkart,India,2024-03-15 19:24:00,0,0
T100674,CARD-3832,2708.78,POS,Flipkart,UAE,2024-04-04 08:24:00,0,0
T100675,CARD-4579,9399.23,Online,Amazon,UK,2024-05-09 21:34:00,0,0
T100676,CARD-6971,5476.12,POS,Myntra,India,2024-01-10 04:37:00,0,0
T100677,CARD-5164,2543.57,Online,Zomato,India,2024-02-05 19:46:00,0,0
T100678,CARD-8941,3063.89,Online,Amazon,Singapore,2024-05-27 19:39:00,0,0
T100679,CARD-6569,4628.12,POS,BigBasket,India,2024-01-14 08:52:00,0,0
T100680,CARD-5300,1103.29,UPI,Myntra,India,2024-04-08 10:59:00,0,0
T100681,CARD-7269,3716.2,POS,Myntra,India,2024-04-24 18:38:00,0,0
T100682,CARD-4818,5267.08,POS,BigBasket,India,2024-06-05 11:48:00,0,0
T100683,CARD-2906,4800.95,Online,Zomato,India,2024-01-03 11:03:00,0,0
T100684,CARD-7254,1684.97,Online,Myntra,USA,2024-05-01 16:07:00,0,0
T100685,CARD-1760,1973.55,Online,Flipkart,Singapore,2024-06-20 21:41:00,0,0
T100686,CARD-8830,389.64,POS,Petrol Pump,India,2024-06-19 01:36:00,0,0
T100687,CARD-8350,5661.35,UPI,Zomato,India,2024-03-13 16:07:00,0,0
T100688,CARD-7238,12068.41,POS,Local Store,India,2024-01-25 07:51:00,0,0
T100689,CARD-7090,1478.41,Online,BigBasket,India,2024-04-30 20:01:00,0,0
T100690,CARD-7031,7060.64,Online,Zomato,India,2024-02-15 15:47:00,0,0
T100691,CARD-8687,11377.45,POS,Amazon,Singapore,2024-05-11 04:43:00,0,0
T100692,CARD-9472,2270.47,Online,Petrol Pump,UAE,2024-02-08 09:51:00,0,0
T100693,CARD-2887,3067.19,ATM,Zomato,India,2024-06-17 21:05:00,0,0
T100694,CARD-4266,4032.35,ATM,Flipkart,India,2024-06-13 04:03:00,0,0
T100695,CARD-1666,4692.61,POS,Petrol Pump,India,2024-02-15 17:47:00,0,0
T100696,CARD-5188,4193.66,Online,Amazon,India,2024-03-02 15:40:00,0,0
T100697,CARD-1671,2420.91,Online,Swiggy,India,2024-02-09 17:16:00,0,0
T100698,CARD-7777,5209.57,Online,BigBasket,India,2024-02-21 04:25:00,0,0
T100699,CARD-8570,2467.18,Online,Petrol Pump,Singapore,2024-02-10 04:54:00,0,0
T100700,CARD-8956,4404.88,Online,BigBasket,India,2024-03-01 20:40:00,0,0
T100701,CARD-6124,3258.35,POS,Zomato,India,2024-06-14 15:09:00,0,0
T100702,CARD-6585,531.34,POS,Myntra,USA,2024-01-11 03:11:00,0,0
T100703,CARD-5777,7768.53,Online,Amazon,India,2024-03-08 12:47:00,0,0
T100704,CARD-4900,2019.76,Online,Swiggy,India,2024-05-04 23:25:00,0,0
T100705,CARD-7677,8290.48,Online,Amazon,India,2024-01-01 12:07:00,0,0
T100706,CARD-7981,6871.14,Online,BigBasket,India,2024-04-15 20:31:00,0,0
T100707,CARD-7376,3943.6,ATM,Amazon,USA,2024-01-31 10:22:00,1,78
T100708,CARD-1523,4868.03,Online,Swiggy,India,2024-06-10 12:59:00,0,0
T100709,CARD-3393,5292.22,Online,Myntra,USA,2024-06-20 02:48:00,0,0
T100710,CARD-3593,2849.33,Online,Zomato,India,2024-03-12 19:19:00,0,0
T100711,CARD-8240,2957.8,ATM,Flipkart,India,2024-03-18 20:33:00,1,157
T100712,CARD-7937,5112.76,POS,Amazon,UAE,2024-06-01 12:06:00,0,0
T100713,CARD-7190,3285.26,Online,Petrol Pump,India,2024-03-31 13:51:00,0,0
T100714,CARD-6240,2427.45,POS,Flipkart,India,2024-04-08 14:41:00,0,0
T100715,CARD-7493,1709.51,POS,BigBasket,India,2024-03-30 07:08:00,0,0
T100716,CARD-3878,4498.67,UPI,Zomato,India,2024-02-11 17:31:00,0,0
T100717,CARD-5143,1962.88,Online,Local Store,India,2024-05-26 20:10:00,0,0
T100718,CARD-4644,6092.64,ATM,Zomato,India,2024-04-17 08:31:00,0,0
T100719,CARD-5432,6449.6,UPI,Amazon,India,2024-04-13 02:25:00,0,0
T100720,CARD-2276,4841.37,UPI,Petrol Pump,India,2024-04-24 20:30:00,0,0
T100721,CARD-6811,5577.91,POS,Myntra,Singapore,2024-05-22 18:43:00,0,0
T100722,CARD-1302,4851.62,POS,Zomato,India,2024-03-06 09:52:00,0,0
T100723,CARD-1638,5856.51,Online,Amazon,UAE,2024-05-04 07:26:00,0,0
T100724,CARD-1055,5684.83,POS,Amazon,India,2024-06-13 11:48:00,0,0
T100725,CARD-9717,4325.6,POS,Flipkart,India,2024-03-17 22:45:00,0,0
T100726,CARD-9150,6930.25,POS,Zomato,UAE,2024-05-27 08:15:00,0,0
T100727,CARD-3125,2929.77,Online,Amazon,India,2024-04-21 01:12:00,0,0
T100728,CARD-1364,1756.21,POS,Flipkart,USA,2024-03-23 00:09:00,0,0
T100729,CARD-7809,1677.38,ATM,Petrol Pump,India,2024-03-03 01:27:00,0,0
T100730,CARD-5621,2599.73,Online,Swiggy,India,2024-01-10 05:05:00,0,0
T100731,CARD-6126,444.96,ATM,Petrol Pump,India,2024-04-04 18:56:00,0,0
T100732,CARD-6122,3914.94,POS,Local Store,India,2024-04-15 08:17:00,0,0
T100733,CARD-2646,5341.67,ATM,Flipkart,UAE,2024-02-25 07:02:00,0,0
T100734,CARD-1918,6387.44,Online,Flipkart,India,2024-04-21 06:59:00,0,0
T100735,CARD-3797,667.1,Online,Amazon,Singapore,2024-01-25 22:49:00,0,0
T100736,CARD-7506,1726.36,UPI,BigBasket,Singapore,2024-02-12 23:32:00,0,0
T100737,CARD-6870,5966.46,Online,BigBasket,India,2024-04-15 06:51:00,0,0
T100738,CARD-2531,2857.5,ATM,Myntra,India,2024-02-09 07:50:00,0,0
T100739,CARD-9172,5257.87,POS,BigBasket,UK,2024-06-02 23:11:00,0,0
T100740,CARD-4345,1048.22,POS,Flipkart,Singapore,2024-06-04 21:22:00,0,0
T100741,CARD-8673,8225.34,Online,Myntra,India,2024-04-07 10:07:00,0,0
T100742,CARD-7949,967.34,POS,Petrol Pump,India,2024-04-28 08:57:00,0,0
T100743,CARD-7882,3830.92,Online,Amazon,India,2024-03-31 23:45:00,0,0
T100744,CARD-2906,3904.51,Online,Petrol Pump,India,2024-03-01 19:40:00,0,0
T100745,CARD-4086,2218.25,Online,Zomato,India,2024-02-23 19:02:00,0,0
T100746,CARD-9152,4720.76,Online,Local Store,USA,2024-03-19 17:56:00,0,0
T100747,CARD-6750,4816.2,UPI,Local Store,India,2024-03-08 09:17:00,0,0
T100748,CARD-9905,4452.67,UPI,Flipkart,India,2024-03-07 04:30:00,0,0
T100749,CARD-2062,2184.33,Online,Flipkart,India,2024-04-18 09:20:00,0,0
T100750,CARD-2976,1842.1,POS,Myntra,India,2024-02-03 23:28:00,0,0
T100751,CARD-2296,2384.31,Online,Amazon,India,2024-05-28 17:28:00,0,0
T100752,CARD-7229,1628.85,POS,Swiggy,India,2024-03-03 09:56:00,0,0
T100753,CARD-8641,7146.46,ATM,Flipkart,India,2024-01-18 08:16:00,0,0
T100754,CARD-1125,2556.37,UPI,Swiggy,India,2024-06-19 03:34:00,0,0
T100755,CARD-5632,3750.3,Online,Petrol Pump,India,2024-03-27 19:04:00,0,0
T100756,CARD-7288,5949.82,POS,Swiggy,Singapore,2024-04-20 04:58:00,0,0
T100757,CARD-4596,1558.28,Online,BigBasket,India,2024-03-09 05:36:00,0,0
T100758,CARD-7168,926.01,UPI,Amazon,India,2024-03-10 19:37:00,0,0
T100759,CARD-8561,1633.92,Online,Local Store,India,2024-05-12 13:01:00,0,0
T100760,CARD-9258,4058.26,POS,Local Store,Singapore,2024-04-04 06:52:00,0,0
T100761,CARD-1232,3858.58,POS,Swiggy,India,2024-03-16 22:11:00,0,0
T100762,CARD-7371,4446.57,POS,Local Store,India,2024-05-15 05:17:00,0,0
T100763,CARD-5206,3073.86,Online,Petrol Pump,USA,2024-06-23 18:26:00,0,0
T100764,CARD-8943,169.25,UPI,Amazon,India,2024-05-21 23:48:00,0,0
T100765,CARD-7891,2998.51,Online,BigBasket,India,2024-01-06 05:26:00,0,0
T100766,CARD-7738,6498.93,POS,Amazon,India,2024-03-13 03:03:00,0,0
T100767,CARD-3472,7652.07,Online,Flipkart,India,2024-04-28 10:52:00,0,0
T100768,CARD-3739,3567.53,Online,Swiggy,India,2024-05-18 06:41:00,0,0
T100769,CARD-6401,3869.2,POS,Amazon,USA,2024-02-20 22:46:00,1,227
T100770,CARD-2761,5189.43,Online,Petrol Pump,India,2024-05-26 19:09:00,0,0
T100771,CARD-1876,7508.09,Online,Local Store,UAE,2024-05-12 01:49:00,0,0
T100772,CARD-4812,3334.7,Online,Zomato,India,2024-02-08 22:56:00,0,0
T100773,CARD-2460,5139.08,Online,Amazon,UAE,2024-04-06 12:22:00,0,0
T100774,CARD-2733,2104.34,POS,Swiggy,India,2024-05-27 12:55:00,0,0
T100775,CARD-2605,1070.52,ATM,BigBasket,India,2024-02-19 10:25:00,0,0
T100776,CARD-6622,2294.66,Online,Local Store,India,2024-02-04 21:28:00,0,0
T100777,CARD-7767,8665.85,Online,BigBasket,Singapore,2024-05-22 20:48:00,0,0
T100778,CARD-7986,5211.78,Online,Swiggy,India,2024-04-02 09:03:00,0,0
T100779,CARD-4517,1172.76,Online,Local Store,India,2024-05-16 07:24:00,0,0
T100780,CARD-4735,5381.5,POS,Flipkart,India,2024-05-23 14:13:00,0,0
T100781,CARD-9434,1261.07,POS,Local Store,India,2024-02-25 11:28:00,0,0
T100782,CARD-3590,4402.73,Online,Flipkart,India,2024-05-23 07:14:00,0,0
T100783,CARD-2063,1504.6,Online,BigBasket,India,2024-06-15 21:46:00,0,0
T100784,CARD-5324,1108.87,Online,BigBasket,India,2024-03-06 15:33:00,0,0
T100785,CARD-6342,9627.94,ATM,Swiggy,India,2024-01-30 03:14:00,0,0
T100786,CARD-1005,2554.8,UPI,Flipkart,India,2024-03-03 07:19:00,0,0
T100787,CARD-8489,5145.91,Online,BigBasket,India,2024-04-07 03:16:00,0,0
T100788,CARD-9659,3440.11,Online,Flipkart,USA,2024-06-04 09:37:00,0,0
T100789,CARD-9195,1357.53,ATM,BigBasket,India,2024-01-01 09:55:00,0,0
T100790,CARD-6966,2777.24,UPI,Local Store,India,2024-01-21 13:12:00,0,0
T100791,CARD-9837,1368.68,Online,Amazon,India,2024-01-29 05:23:00,0,0
T100792,CARD-1117,14248.92,Online,Petrol Pump,Singapore,2024-06-25 22:33:00,0,0
T100793,CARD-3551,5797.29,Online,Zomato,Singapore,2024-02-13 12:25:00,0,0
T100794,CARD-6560,3391.68,POS,Petrol Pump,UAE,2024-04-15 11:35:00,0,0
T100795,CARD-5289,4954.95,Online,Local Store,India,2024-01-05 03:32:00,0,0
T100796,CARD-1846,5542.63,Online,Myntra,India,2024-01-12 00:42:00,0,0
T100797,CARD-7316,5552.8,POS,Petrol Pump,India,2024-05-17 03:06:00,0,0
T100798,CARD-7469,5389.96,Online,Amazon,India,2024-05-20 08:47:00,0,0
T100799,CARD-9915,5106.78,POS,Myntra,India,2024-04-17 12:41:00,0,0
T100800,CARD-1224,3603.3,Online,BigBasket,USA,2024-01-18 09:00:00,0,0
T100801,CARD-5208,9145.79,Online,Zomato,UAE,2024-04-30 17:00:00,0,0
T100802,CARD-7283,3777.1,POS,Zomato,UAE,2024-03-12 06:21:00,0,0
T100803,CARD-3048,3466.46,Online,BigBasket,India,2024-02-29 06:54:00,0,0
T100804,CARD-7233,3801.23,UPI,BigBasket,India,2024-02-01 04:32:00,0,0
T100805,CARD-2828,4003.73,POS,Flipkart,India,2024-01-09 22:39:00,0,0
T100806,CARD-2917,673.0,Online,BigBasket,India,2024-01-24 11:18:00,0,0
T100807,CARD-5234,1619.14,POS,Swiggy,USA,2024-03-15 20:31:00,0,0
T100808,CARD-7988,3073.78,Online,Petrol Pump,India,2024-06-02 09:38:00,0,0
T100809,CARD-3026,636.12,UPI,BigBasket,India,2024-05-03 00:25:00,0,0
T100810,CARD-4744,3387.55,Online,Swiggy,India,2024-02-22 15:11:00,0,0
T100811,CARD-1009,3965.19,POS,BigBasket,India,2024-02-16 12:23:00,0,0
T100812,CARD-1260,1023.46,Online,Flipkart,USA,2024-04-30 21:17:00,0,0
T100813,CARD-7038,1981.73,Online,Swiggy,India,2024-06-05 19:23:00,0,0
T100814,CARD-3219,7858.39,ATM,Petrol Pump,UAE,2024-04-03 00:02:00,0,0
T100815,CARD-8041,4990.58,ATM,Amazon,India,2024-04-20 17:52:00,0,0
T100816,CARD-3060,4792.32,Online,Swiggy,India,2024-06-26 19:00:00,0,0
T100817,CARD-6287,7228.85,Online,Local Store,USA,2024-01-09 07:13:00,0,0
T100818,CARD-2619,1647.45,ATM,Flipkart,India,2024-03-14 21:30:00,0,0
T100819,CARD-9512,1026.5,UPI,Myntra,Singapore,2024-03-27 21:55:00,0,0
T100820,CARD-2342,6587.73,Online,Petrol Pump,India,2024-04-17 08:47:00,0,0
T100821,CARD-3832,3141.05,POS,Swiggy,India,2024-05-23 11:28:00,0,0
T100822,CARD-3824,1608.56,Online,Local Store,India,2024-05-23 03:11:00,0,0
T100823,CARD-2994,667.01,ATM,Local Store,UK,2024-06-24 11:52:00,0,0
T100824,CARD-4490,3833.45,Online,Petrol Pump,India,2024-02-26 06:29:00,0,0
T100825,CARD-8984,2866.34,Online,Petrol Pump,USA,2024-01-03 19:35:00,0,0
T100826,CARD-2604,2492.97,POS,Local Store,India,2024-01-27 12:10:00,0,0
T100827,CARD-1235,262.99,Online,BigBasket,India,2024-06-27 01:23:00,0,0
T100828,CARD-2908,9067.14,POS,Local Store,India,2024-06-08 00:56:00,0,0
T100829,CARD-9567,842.8,Online,BigBasket,India,2024-06-14 17:37:00,0,0
T100830,CARD-4530,2691.15,Online,Myntra,India,2024-03-10 10:16:00,0,0
T100831,CARD-6256,2343.32,Online,Flipkart,UK,2024-01-20 14:51:00,0,0
T100832,CARD-3635,5095.6,POS,Zomato,India,2024-04-04 04:04:00,0,0
T100833,CARD-9162,675.47,Online,BigBasket,India,2024-04-04 10:36:00,0,0
T100834,CARD-3560,4674.72,POS,Local Store,India,2024-02-03 08:37:00,0,0
T100835,CARD-6415,3847.54,ATM,Local Store,India,2024-05-25 05:54:00,0,0
T100836,CARD-4391,1899.6,POS,Amazon,India,2024-03-04 23:15:00,0,0
T100837,CARD-6951,4558.32,Online,Local Store,India,2024-05-20 18:13:00,1,71
T100838,CARD-6468,3383.02,Online,Flipkart,India,2024-02-24 02:46:00,0,0
T100839,CARD-9007,10499.64,Online,Swiggy,India,2024-05-25 18:08:00,0,0
T100840,CARD-7413,2864.32,Online,Swiggy,India,2024-06-02 06:46:00,0,0
T100841,CARD-7941,1423.47,Online,Local Store,India,2024-02-18 21:20:00,0,0
T100842,CARD-5820,4707.91,POS,Amazon,India,2024-06-14 18:12:00,0,0
T100843,CARD-3898,2588.6,Online,BigBasket,India,2024-03-10 02:45:00,0,0
T100844,CARD-8546,3331.5,Online,Flipkart,India,2024-03-11 06:04:00,0,0
T100845,CARD-1077,1034.97,Online,Amazon,UK,2024-06-04 04:17:00,0,0
T100846,CARD-8577,5150.49,POS,BigBasket,UAE,2024-06-04 16:14:00,0,0
T100847,CARD-5227,2261.02,Online,Flipkart,USA,2024-04-08 10:54:00,0,0
T100848,CARD-1600,4068.03,POS,Local Store,India,2024-03-15 02:52:00,0,0
T100849,CARD-2065,12225.17,Online,Swiggy,USA,2024-01-11 16:25:00,0,0
T100850,CARD-3136,2735.33,ATM,Flipkart,UAE,2024-01-07 11:36:00,0,0
T100851,CARD-7943,5647.69,ATM,Local Store,USA,2024-02-15 10:21:00,0,0
T100852,CARD-8804,2886.97,Online,Myntra,India,2024-04-22 16:57:00,0,0
T100853,CARD-7565,1922.07,Online,Zomato,India,2024-01-26 00:21:00,0,0
T100854,CARD-6984,8041.18,Online,Flipkart,UAE,2024-04-03 15:34:00,0,0
T100855,CARD-6142,463.47,Online,Zomato,India,2024-06-01 17:49:00,1,115
T100856,CARD-5670,6670.13,POS,Flipkart,India,2024-06-20 04:46:00,1,6
T100857,CARD-3190,395.34,ATM,Zomato,India,2024-03-22 12:09:00,0,0
T100858,CARD-3712,6209.97,POS,Myntra,India,2024-06-02 06:22:00,0,0
T100859,CARD-3192,3370.32,ATM,Swiggy,India,2024-02-04 02:31:00,0,0
T100860,CARD-2248,1427.13,Online,Petrol Pump,India,2024-03-03 02:02:00,0,0
T100861,CARD-5033,2388.95,Online,BigBasket,India,2024-03-24 04:14:00,0,0
T100862,CARD-2997,5437.97,POS,Zomato,India,2024-06-25 04:44:00,0,0
T100863,CARD-4687,11483.68,Online,Myntra,India,2024-05-29 18:17:00,0,0
T100864,CARD-5018,706.1,POS,Zomato,India,2024-01-30 15:59:00,0,0
T100865,CARD-2970,1509.57,Online,Swiggy,India,2024-06-07 01:20:00,0,0
T100866,CARD-9389,943.22,Online,Zomato,India,2024-05-05 01:49:00,0,0
T100867,CARD-6765,2868.48,UPI,Myntra,USA,2024-05-26 15:35:00,0,0
T100868,CARD-2202,6324.24,Online,Local Store,India,2024-06-16 09:39:00,0,0
T100869,CARD-9135,815.01,UPI,Myntra,India,2024-03-28 06:55:00,1,93
T100870,CARD-6567,3302.22,UPI,Petrol Pump,India,2024-04-03 11:05:00,0,0
T100871,CARD-8667,6187.67,POS,Petrol Pump,UK,2024-06-20 00:15:00,0,0
T100872,CARD-6742,2360.68,POS,Petrol Pump,India,2024-04-10 06:47:00,0,0
T100873,CARD-6788,3873.85,POS,Amazon,India,2024-05-01 16:12:00,0,0
T100874,CARD-6408,7650.5,ATM,Swiggy,India,2024-03-13 07:26:00,0,0
T100875,CARD-9669,1262.16,Online,Local Store,India,2024-05-26 20:05:00,0,0
T100876,CARD-1922,527.13,POS,Amazon,UAE,2024-02-23 22:18:00,0,0
T100877,CARD-1419,4228.66,POS,Swiggy,UAE,2024-04-25 05:12:00,0,0
T100878,CARD-3204,4314.03,Online,Local Store,India,2024-01-22 12:47:00,0,0
T100879,CARD-2120,2226.94,Online,Zomato,India,2024-05-10 13:39:00,0,0
T100880,CARD-1950,1875.35,Online,Local Store,India,2024-03-15 04:33:00,0,0
T100881,CARD-3336,3422.29,POS,Myntra,India,2024-03-23 09:17:00,0,0
T100882,CARD-6373,1240.4,ATM,Amazon,India,2024-03-24 20:01:00,0,0
T100883,CARD-3243,1242.3,Online,Zomato,India,2024-03-05 17:40:00,0,0
T100884,CARD-3645,5413.16,UPI,Myntra,India,2024-01-19 07:53:00,0,0
T100885,CARD-5612,1159.99,POS,Swiggy,India,2024-02-09 22:00:00,0,0
T100886,CARD-2865,568.0,ATM,Local Store,UK,2024-03-22 10:03:00,0,0
T100887,CARD-7028,1872.08,POS,Myntra,India,2024-03-02 07:30:00,1,181
T100888,CARD-8326,2272.28,POS,Zomato,UAE,2024-05-30 23:27:00,0,0
T100889,CARD-7371,4674.36,Online,Amazon,USA,2024-03-13 09:43:00,0,0
T100890,CARD-7359,2016.34,ATM,Amazon,India,2024-04-07 08:19:00,0,0
T100891,CARD-8863,8519.75,Online,Petrol Pump,USA,2024-01-05 03:53:00,0,0
T100892,CARD-4228,3558.51,ATM,Local Store,India,2024-06-06 22:13:00,0,0
T100893,CARD-4719,1651.63,UPI,Myntra,India,2024-03-06 00:50:00,0,0
T100894,CARD-3371,4534.54,Online,Petrol Pump,India,2024-06-11 18:37:00,0,0
T100895,CARD-3891,8419.88,Online,Zomato,Singapore,2024-06-26 19:32:00,0,0
T100896,CARD-4756,5310.64,POS,Petrol Pump,India,2024-03-22 15:55:00,0,0
T100897,CARD-5225,763.72,Online,Flipkart,India,2024-02-06 03:46:00,1,202
T100898,CARD-1094,2436.96,ATM,Swiggy,UK,2024-03-18 16:10:00,1,30
T100899,CARD-3674,4021.98,Online,Petrol Pump,India,2024-01-30 19:42:00,0,0
T100900,CARD-7898,5158.11,Online,Swiggy,India,2024-01-12 04:58:00,0,0
T100901,CARD-1793,2882.34,UPI,Zomato,USA,2024-03-23 07:58:00,0,0
T100902,CARD-3116,2572.03,POS,Flipkart,UAE,2024-06-28 12:00:00,0,0
T100903,CARD-6779,10449.03,ATM,Amazon,Singapore,2024-05-01 22:39:00,0,0
T100904,CARD-7166,5365.32,Online,Local Store,Singapore,2024-01-07 09:10:00,0,0
T100905,CARD-1814,4544.65,POS,BigBasket,India,2024-03-05 01:39:00,0,0
T100906,CARD-1345,2089.62,POS,BigBasket,UAE,2024-06-23 04:45:00,1,204
T100907,CARD-9554,1223.24,POS,Local Store,India,2024-02-24 11:02:00,0,0
T100908,CARD-3443,4601.77,POS,Zomato,India,2024-05-09 16:50:00,0,0
T100909,CARD-8783,5776.15,POS,Flipkart,India,2024-02-27 03:55:00,0,0
T100910,CARD-1984,3318.91,Online,Flipkart,India,2024-06-05 02:22:00,0,0
T100911,CARD-8790,5375.32,Online,Swiggy,Singapore,2024-01-21 04:46:00,0,0
T100912,CARD-1827,5471.03,POS,Amazon,UK,2024-04-13 01:14:00,0,0
T100913,CARD-4531,6041.48,Online,Myntra,India,2024-06-15 02:44:00,0,0
T100914,CARD-8147,749.51,POS,Petrol Pump,India,2024-03-28 05:24:00,0,0
T100915,CARD-5451,2493.86,Online,Flipkart,India,2024-03-11 00:14:00,0,0
T100916,CARD-4876,4800.36,POS,Local Store,UAE,2024-03-23 20:44:00,0,0
T100917,CARD-6959,3463.51,POS,Myntra,USA,2024-05-29 01:21:00,0,0
T100918,CARD-1126,5482.86,Online,BigBasket,India,2024-05-30 11:22:00,0,0
T100919,CARD-4177,4542.71,Online,Myntra,India,2024-03-30 12:41:00,0,0
T100920,CARD-9795,291.78,Online,Amazon,India,2024-01-03 09:15:00,0,0
T100921,CARD-7024,7044.44,POS,Local Store,India,2024-03-11 11:45:00,0,0
T100922,CARD-6109,2243.54,ATM,Amazon,UK,2024-02-07 00:51:00,0,0
T100923,CARD-5146,1565.06,Online,Myntra,India,2024-04-21 02:54:00,0,0
T100924,CARD-8196,6887.38,POS,Petrol Pump,India,2024-05-12 10:27:00,0,0
T100925,CARD-4368,5193.71,Online,Zomato,India,2024-04-21 04:51:00,0,0
T100926,CARD-4797,7543.9,POS,Flipkart,India,2024-05-10 23:49:00,0,0
T100927,CARD-2792,4054.4,UPI,Local Store,Singapore,2024-03-19 18:57:00,0,0
T100928,CARD-6732,2467.88,Online,Zomato,India,2024-02-06 09:09:00,0,0
T100929,CARD-4476,3717.44,POS,Myntra,India,2024-02-06 19:34:00,0,0
T100930,CARD-4417,1319.33,Online,Flipkart,India,2024-04-23 19:38:00,0,0
T100931,CARD-2645,918.56,Online,Swiggy,India,2024-01-22 00:57:00,0,0
T100932,CARD-4030,1958.27,Online,Zomato,India,2024-01-31 11:30:00,0,0
T100933,CARD-3872,9068.62,Online,Zomato,USA,2024-01-15 19:22:00,0,0
T100934,CARD-4072,2132.46,POS,Myntra,India,2024-01-25 19:39:00,0,0
T100935,CARD-2854,582.76,Online,BigBasket,India,2024-04-07 18:31:00,0,0
T100936,CARD-5021,2946.79,POS,Myntra,India,2024-02-25 05:53:00,0,0
T100937,CARD-5662,2108.62,Online,Zomato,India,2024-01-06 18:34:00,0,0
T100938,CARD-7514,7130.88,Online,Flipkart,India,2024-03-06 03:51:00,0,0
T100939,CARD-6031,8646.49,POS,Petrol Pump,India,2024-02-22 04:44:00,0,0
T100940,CARD-3708,2375.68,UPI,BigBasket,UAE,2024-03-15 18:18:00,0,0
T100941,CARD-8112,4051.55,Online,Myntra,UK,2024-02-23 11:48:00,0,0
T100942,CARD-9393,4302.11,ATM,Petrol Pump,India,2024-01-26 01:53:00,0,0
T100943,CARD-4507,3209.28,POS,Local Store,India,2024-03-22 08:54:00,0,0
T100944,CARD-7456,2773.13,POS,Myntra,India,2024-04-11 16:29:00,1,103
T100945,CARD-5212,1471.15,POS,Zomato,India,2024-06-08 16:17:00,0,0
T100946,CARD-8970,477.72,Online,Petrol Pump,UAE,2024-01-15 03:25:00,0,0
T100947,CARD-9766,1463.26,Online,Zomato,India,2024-01-28 02:29:00,0,0
T100948,CARD-1536,3122.51,POS,Swiggy,India,2024-01-02 04:57:00,0,0
T100949,CARD-2625,816.55,Online,Petrol Pump,UAE,2024-04-01 00:02:00,0,0
T100950,CARD-8973,3897.65,UPI,Petrol Pump,UK,2024-05-22 20:24:00,0,0
T100951,CARD-9577,3515.6,Online,Myntra,India,2024-02-29 08:34:00,0,0
T100952,CARD-9070,2111.68,Online,Zomato,India,2024-02-24 07:38:00,0,0
T100953,CARD-9666,2679.97,POS,Local Store,India,2024-06-26 13:18:00,0,0
T100954,CARD-9609,977.83,Online,Amazon,India,2024-04-20 02:51:00,0,0
T100955,CARD-7490,5967.44,POS,BigBasket,UK,2024-06-16 10:19:00,0,0
T100956,CARD-4600,5897.91,POS,Amazon,UAE,2024-06-16 16:34:00,0,0
T100957,CARD-7783,1160.67,UPI,BigBasket,USA,2024-03-30 08:52:00,0,0
T100958,CARD-5971,1193.84,POS,Local Store,India,2024-06-14 15:02:00,0,0
T100959,CARD-2205,1481.24,POS,Petrol Pump,UAE,2024-05-03 01:49:00,0,0
T100960,CARD-2990,4969.61,POS,Petrol Pump,India,2024-05-10 01:59:00,0,0
T100961,CARD-6299,4292.33,UPI,Myntra,India,2024-03-30 04:11:00,1,31
T100962,CARD-4572,6834.66,Online,Swiggy,India,2024-04-29 12:26:00,0,0
T100963,CARD-6975,7356.96,Online,Zomato,India,2024-01-01 04:54:00,0,0
T100964,CARD-7320,736.94,Online,Zomato,USA,2024-06-08 03:04:00,0,0
T100965,CARD-5380,4845.24,Online,Zomato,India,2024-01-18 01:56:00,0,0
T100966,CARD-5757,7160.74,POS,Myntra,India,2024-03-09 04:25:00,0,0
T100967,CARD-3713,2543.02,POS,BigBasket,India,2024-01-08 22:34:00,0,0
T100968,CARD-6588,3272.89,POS,Petrol Pump,India,2024-02-10 13:02:00,0,0
T100969,CARD-1966,2903.11,Online,Local Store,India,2024-01-27 10:58:00,0,0
T100970,CARD-5944,3005.27,POS,Zomato,India,2024-01-04 05:35:00,0,0
T100971,CARD-4432,5953.42,Online,Amazon,UAE,2024-02-27 15:49:00,0,0
T100972,CARD-1688,10198.72,POS,Zomato,India,2024-02-02 02:28:00,0,0
T100973,CARD-5243,8323.78,POS,Petrol Pump,India,2024-01-03 14:51:00,0,0
T100974,CARD-4701,2196.01,Online,Myntra,India,2024-02-21 10:59:00,0,0
T100975,CARD-9533,4060.99,Online,Local Store,UAE,2024-03-24 21:31:00,0,0
T100976,CARD-6182,1691.56,Online,Swiggy,India,2024-05-10 11:11:00,0,0
T100977,CARD-7704,1849.37,ATM,Local Store,India,2024-02-13 05:37:00,0,0
T100978,CARD-5422,3162.87,UPI,Amazon,India,2024-01-13 04:38:00,0,0
T100979,CARD-2759,1805.75,POS,Zomato,India,2024-06-09 02:20:00,0,0
T100980,CARD-3482,2048.75,Online,Zomato,India,2024-02-10 13:56:00,0,0
T100981,CARD-9058,3990.47,Online,Flipkart,USA,2024-03-15 20:19:00,0,0
T100982,CARD-1951,4797.13,POS,BigBasket,India,2024-03-27 17:31:00,0,0
T100983,CARD-9914,4706.6,POS,Amazon,India,2024-06-25 22:37:00,0,0
T100984,CARD-3079,4739.97,Online,Flipkart,USA,2024-06-03 23:35:00,0,0
T100985,CARD-3717,1050.13,Online,Local Store,India,2024-06-25 17:12:00,0,0
T100986,CARD-5524,1725.43,POS,Swiggy,India,2024-01-23 11:36:00,0,0
T100987,CARD-9477,3432.25,Online,BigBasket,India,2024-06-22 18:26:00,0,0
T100988,CARD-8311,6942.15,Online,Amazon,India,2024-05-31 18:10:00,0,0
T100989,CARD-8186,13919.99,Online,Zomato,India,2024-02-24 02:44:00,0,0
T100990,CARD-3065,4180.94,POS,Local Store,India,2024-01-21 08:52:00,0,0
T100991,CARD-1768,5565.06,ATM,Amazon,UAE,2024-03-31 23:21:00,0,0
T100992,CARD-6490,934.02,UPI,Zomato,Singapore,2024-02-02 10:57:00,0,0
T100993,CARD-7645,5461.62,POS,Petrol Pump,India,2024-03-31 21:52:00,0,0
T100994,CARD-6083,11578.62,POS,BigBasket,India,2024-03-02 19:51:00,0,0
T100995,CARD-6232,1719.82,Online,Petrol Pump,India,2024-05-22 09:22:00,0,0
T100996,CARD-6797,2106.2,POS,Petrol Pump,UAE,2024-05-07 02:24:00,0,0
T100997,CARD-5926,6081.82,Online,Zomato,India,2024-01-15 13:51:00,0,0
T100998,CARD-7016,3399.32,POS,Swiggy,India,2024-01-20 01:52:00,0,0
T100999,CARD-4335,427.62,Online,Local Store,USA,2024-02-11 15:06:00,0,0
